,img,title,url,language_type
0,https://cdn.inflearn.com/public/courses/327997/cover/6d8192c6-8a28-40c3-b8df-ef5bff5cb9ac/327997-eng.png,모든 개발자의 실무를 위한 올인원 기본기 클래스,https://www.inflearn.com/course/%EA%B0%9C%EB%B0%9C%EC%9E%90-%EC%8B%A4%EB%AC%B4-%EA%B8%B0%EB%B3%B8%EA%B8%B0,python
1,https://cdn.inflearn.com/public/courses/324238/course_cover/01193765-1b5d-4964-b8b5-dc9444ecc23e/%E1%84%91%E1%85%A1%E1%84%8B%E1%85%B5%E1%84%8A%E1%85%A5%E1%86%AB%E1%84%86%E1%85%A5%E1%84%89%E1%85%B5%E1%86%AB%E1%84%85%E1%85%A5%E1%84%82%E1%85%B5%E1%86%BC.png,파이썬 머신러닝 완벽 가이드,https://www.inflearn.com/course/%ED%8C%8C%EC%9D%B4%EC%8D%AC-%EB%A8%B8%EC%8B%A0%EB%9F%AC%EB%8B%9D-%EC%99%84%EB%B2%BD%EA%B0%80%EC%9D%B4%EB%93%9C,python
2,https://cdn.inflearn.com/public/courses/324145/course_cover/f4b28e4f-6635-4e57-95be-5f4ac7b1ea49/I_O_python_1.png,프로그래밍 시작하기 : 파이썬 입문 (Inflearn Original),https://www.inflearn.com/course/%ED%94%84%EB%A1%9C%EA%B7%B8%EB%9E%98%EB%B0%8D-%ED%8C%8C%EC%9D%B4%EC%8D%AC-%EC%9E%85%EB%AC%B8-%EC%9D%B8%ED%94%84%EB%9F%B0-%EC%98%A4%EB%A6%AC%EC%A7%80%EB%84%90,python
3,https://cdn.inflearn.com/public/courses/328045/cover/0f02bc75-8253-455d-a285-6b8ca995dbb9/제목을-입력해주세요_-001 (9).png,이것이 진짜 크롤링이다 - 실전편,https://www.inflearn.com/course/%ED%8C%8C%EC%9D%B4%EC%8D%AC-%ED%81%AC%EB%A1%A4%EB%A7%81-%EC%8B%A4%EC%A0%84,python
4,https://cdn.inflearn.com/public/courses/326015/cover/99ed3101-3807-46d4-830c-6a8273e673cc/326015-eng.png,Python 입문자를 위한 강의,https://www.inflearn.com/course/%ED%8C%8C%EC%9D%B4%EC%8D%AC-%EC%9E%85%EB%AC%B8%EC%9E%90,python
5,https://cdn.inflearn.com/public/course-325339-cover/9f2bb0a8-26c3-4520-aaf6-5a3ff4466b7d,Python 부트캠프,https://www.inflearn.com/course/%ED%8C%8C%EC%9D%B4%EC%8D%AC-%EB%B6%80%ED%8A%B8%EC%BA%A0%ED%94%84,python
6,https://cdn.inflearn.com/public/courses/324037/course_cover/626bed53-f79c-4fbf-b513-b18772f0ef6c/%E1%84%82%E1%85%A1%E1%86%B7%E1%84%87%E1%85%A1%E1%86%A8%E1%84%89%E1%85%A1_100.png,남박사의 파이썬 기초부터 실전 100% 활용,https://www.inflearn.com/course/%ED%8C%8C%EC%9D%B4%EC%8D%AC-%ED%99%9C%EC%9A%A9,python
7,https://cdn.inflearn.com/public/courses/324030/course_cover/159651c0-3994-463b-8ece-be3b4c52709c/pandas_bje.png,단 두 장의 문서로 데이터 분석과 시각화 뽀개기,https://www.inflearn.com/course/%ED%8C%90%EB%8B%A4%EC%8A%A4-pandas,python
8,https://cdn.inflearn.com/public/courses/286688/course_cover/b08e32cb-597e-4af8-9f13-fd4b0562e4fb/pje-public-data-analysis-eng-2.png,공공데이터로 파이썬 데이터 분석 시작하기,https://www.inflearn.com/course/%EA%B3%B5%EA%B3%B5%EB%8D%B0%EC%9D%B4%ED%84%B0%EB%A1%9C-%ED%8C%8C%EC%9D%B4%EC%8D%AC-%EB%8D%B0%EC%9D%B4%ED%84%B0-%EB%B6%84%EC%84%9D-%EC%8B%9C%EC%9E%91%ED%95%98%EA%B8%B0,python
9,https://cdn.inflearn.com/public/courses/327705/cover/30a2336f-1f50-4741-8e68-866c03cad32d/인프런_강좌배너.png,파이썬/장고 웹서비스 개발 완벽 가이드 with 리액트,https://www.inflearn.com/course/%ED%8C%8C%EC%9D%B4%EC%8D%AC-%EC%9E%A5%EA%B3%A0-%EC%9B%B9%EC%84%9C%EB%B9%84%EC%8A%A4,python
10,https://cdn.inflearn.com/public/courses/327464/cover/55c4db7b-7764-43cc-ac75-d9e8d08098f1/327464-eng.png,처음하는 파이썬 머신러닝 부트캠프 (쉽게! 실제 문제로 개념/활용 익히기) [데이터과학 Part2],https://www.inflearn.com/course/%EC%B2%98%EC%9D%8C-%ED%8C%8C%EC%9D%B4%EC%8D%AC-%EB%A8%B8%EC%8B%A0%EB%9F%AC%EB%8B%9D-%EC%9E%85%EB%AC%B8,python
11,https://cdn.inflearn.com/public/courses/327162/cover/0357f53d-4add-414c-9312-a0345c479628/327162-eng.png,타입 파이썬! 올바른 class 사용법과 객체지향 프로그래밍,https://www.inflearn.com/course/%ED%83%80%EC%9E%85-%ED%8C%8C%EC%9D%B4%EC%8D%AC,python
12,https://cdn.inflearn.com/public/courses/326564/cover/adc58c73-be2a-471d-8c3e-50b2881bebe6/326564-eng.png,데이터 분석을 위한 파이썬: 입문부터 꿀팁까지,https://www.inflearn.com/course/%EB%8D%B0%EC%9D%B4%ED%84%B0-%EB%B6%84%EC%84%9D-%ED%8C%8C%EC%9D%B4%EC%8D%AC-%EA%B8%B0%EC%B4%88,python
13,https://cdn.inflearn.com/public/courses/326383/cover/4c038b06-8afa-4ae8-b14a-5ed22cfabce0/326383-eng.png,파이썬 증권 데이터 수집과 분석으로 신호와 소음 찾기,https://www.inflearn.com/course/%EC%A6%9D%EA%B6%8C%EB%8D%B0%EC%9D%B4%ED%84%B0-%EC%88%98%EC%A7%91-%EB%B6%84%EC%84%9D,python
14,https://cdn.inflearn.com/public/courses/326317/cover/b07dfd4a-a0c8-4fc5-a885-40c5cbb5e325/doitdj.png,Do It! 장고+부트스트랩: 파이썬 웹개발의 정석,https://www.inflearn.com/course/%EB%91%90%EC%9E%87-%ED%8C%8C%EC%9D%B4%EC%8D%AC-%EC%9B%B9%EA%B0%9C%EB%B0%9C,python
15,https://cdn.inflearn.com/public/courses/324595/cover/4a9cc839-a6a3-4445-b73d-8bc54a2553b9/324595-eng.png,남박사의 알쓸파잡! 파이썬 실용프로젝트,https://www.inflearn.com/course/%ED%8C%8C%EC%9D%B4%EC%8D%AC-%EC%8B%A4%EC%9A%A9%ED%94%84%EB%A1%9C%EC%A0%9D%ED%8A%B8,python
16,https://cdn.inflearn.com/public/courses/324412/course_cover/e856a66a-5166-477f-b485-9026fbaf09fc/ktw_algorithm.png,파이썬 알고리즘 문제풀이 (코딩테스트 대비),https://www.inflearn.com/course/%ED%8C%8C%EC%9D%B4%EC%8D%AC-%EC%95%8C%EA%B3%A0%EB%A6%AC%EC%A6%98-%EB%AC%B8%EC%A0%9C%ED%92%80%EC%9D%B4-%EC%BD%94%EB%94%A9%ED%85%8C%EC%8A%A4%ED%8A%B8,python
17,https://cdn.inflearn.com/public/courses/324082/course_cover/91ab047b-c7f9-4e81-956d-da1bcc3c2c68/ljh_python.png,파이썬입문과 크롤링기초 부트캠프 (2022 업데이트) [쉽게! 견고한 자료까지!],https://www.inflearn.com/course/python-crawling-basic,python
18,https://cdn.inflearn.com/public/courses/328189/cover/ba68a3f9-1c62-4d70-a4d9-9e3436ae4ee0/328189-eng.png,"일잘하는 마케터, MD에게 꼭 필요한 파이썬 데이터 분석",https://www.inflearn.com/course/%ED%8C%8C%EC%9D%B4%EC%8D%AC-%EB%8D%B0%EC%9D%B4%ED%84%B0-%EB%B6%84%EC%84%9D-%EB%A7%88%EC%BC%80%ED%84%B0,python
19,https://cdn.inflearn.com/public/courses/327774/cover/c9e46a4f-9e9b-409a-beab-b3dc657e5bf7/327774-eng.png,이것이 진짜 크롤링이다 - 기본편,https://www.inflearn.com/course/%ED%8C%8C%EC%9D%B4%EC%8D%AC-%ED%81%AC%EB%A1%A4%EB%A7%81-%EA%B8%B0%EC%B4%88,python
20,https://cdn.inflearn.com/public/courses/327438/cover/081e779e-eecc-40c7-8a34-f68d36ef4d0e/327438-eng.png,파이썬 동시성 프로그래밍 : 데이터 수집부터 웹 개발까지 (feat. FastAPI),https://www.inflearn.com/course/%ED%8C%8C%EC%9D%B4%EC%8D%AC-%EB%8F%99%EC%8B%9C%EC%84%B1-%ED%94%84%EB%A1%9C%EA%B7%B8%EB%9E%98%EB%B0%8D,python
21,https://cdn.inflearn.com/public/courses/326301/cover/b155a782-523c-4ce9-97bb-4f589ecbf0b8,Google 공인! 텐서플로(TensorFlow) 개발자 자격증 취득,https://www.inflearn.com/course/%ED%85%90%EC%84%9C%ED%94%8C%EB%A1%9C%EC%9A%B0-%EC%9E%90%EA%B2%A9%EC%A6%9D,python
22,https://cdn.inflearn.com/public/courses/326179/cover/35aaa271-be72-4440-a4ad-476e05a369a2/파이썬_그냥재미.png,"파이썬, 그냥 재미로",https://www.inflearn.com/course/%ED%8C%8C%EC%9D%B4%EC%8D%AC-%EA%B7%B8%EB%83%A5-%EC%9E%AC%EB%AF%B8%EB%A1%9C,python
23,https://cdn.inflearn.com/public/courses/324031/course_cover/9404bff2-89f1-4784-8a74-49b0fa51f13a/fullstack_jeju%28%EC%88%98%EC%A0%95%29.png,코알못에서 웹서비스 런칭까지 : 2021 제주 코딩 베이스캠프(Django),https://www.inflearn.com/course/web_fullstack,python
24,https://cdn.inflearn.com/public/courses/324145/course_cover/f4b28e4f-6635-4e57-95be-5f4ac7b1ea49/I_O_python_1.png,프로그래밍 시작하기 : 파이썬 입문 (Inflearn Original),https://www.inflearn.com/course/%ED%94%84%EB%A1%9C%EA%B7%B8%EB%9E%98%EB%B0%8D-%ED%8C%8C%EC%9D%B4%EC%8D%AC-%EC%9E%85%EB%AC%B8-%EC%9D%B8%ED%94%84%EB%9F%B0-%EC%98%A4%EB%A6%AC%EC%A7%80%EB%84%90,data-analysis
25,https://cdn.inflearn.com/public/courses/328179/cover/9ebbb159-0527-4c27-85b1-fc4eefa4e3ff/328179-eng.png,금융데이터 분석을 위한 판다스 활용법,https://www.inflearn.com/course/%EA%B8%88%EC%9C%B5%EB%8D%B0%EC%9D%B4%ED%84%B0-%ED%8C%90%EB%8B%A4%EC%8A%A4-%ED%99%9C%EC%9A%A9,data-analysis
26,https://cdn.inflearn.com/public/courses/324030/course_cover/159651c0-3994-463b-8ece-be3b4c52709c/pandas_bje.png,단 두 장의 문서로 데이터 분석과 시각화 뽀개기,https://www.inflearn.com/course/%ED%8C%90%EB%8B%A4%EC%8A%A4-pandas,data-analysis
27,https://cdn.inflearn.com/public/courses/286688/course_cover/b08e32cb-597e-4af8-9f13-fd4b0562e4fb/pje-public-data-analysis-eng-2.png,공공데이터로 파이썬 데이터 분석 시작하기,https://www.inflearn.com/course/%EA%B3%B5%EA%B3%B5%EB%8D%B0%EC%9D%B4%ED%84%B0%EB%A1%9C-%ED%8C%8C%EC%9D%B4%EC%8D%AC-%EB%8D%B0%EC%9D%B4%ED%84%B0-%EB%B6%84%EC%84%9D-%EC%8B%9C%EC%9E%91%ED%95%98%EA%B8%B0,data-analysis
28,https://cdn.inflearn.com/public/courses/327848/cover/dbde1c2d-b7bd-4f36-82c4-2718c32b0f24/327848-eng-2.png,"핵심만 쉽게, 모두의 SQL 데이터 분석",https://www.inflearn.com/course/sql-%EB%AA%A8%EB%91%90%EC%9D%98-%EB%8D%B0%EC%9D%B4%ED%84%B0%EB%B6%84%EC%84%9D,data-analysis
29,https://cdn.inflearn.com/public/courses/327464/cover/55c4db7b-7764-43cc-ac75-d9e8d08098f1/327464-eng.png,처음하는 파이썬 머신러닝 부트캠프 (쉽게! 실제 문제로 개념/활용 익히기) [데이터과학 Part2],https://www.inflearn.com/course/%EC%B2%98%EC%9D%8C-%ED%8C%8C%EC%9D%B4%EC%8D%AC-%EB%A8%B8%EC%8B%A0%EB%9F%AC%EB%8B%9D-%EC%9E%85%EB%AC%B8,data-analysis
30,https://cdn.inflearn.com/public/courses/326564/cover/adc58c73-be2a-471d-8c3e-50b2881bebe6/326564-eng.png,데이터 분석을 위한 파이썬: 입문부터 꿀팁까지,https://www.inflearn.com/course/%EB%8D%B0%EC%9D%B4%ED%84%B0-%EB%B6%84%EC%84%9D-%ED%8C%8C%EC%9D%B4%EC%8D%AC-%EA%B8%B0%EC%B4%88,data-analysis
31,https://cdn.inflearn.com/public/courses/326514/cover/22caf762-a466-47fd-8d21-1f70ee2d91aa,비전공자를 위한 넓고 얇은 IT 지식 & 나의 개발 유형 알아보기! <M.B.I.T>,https://www.inflearn.com/course/%EA%B0%9C%EB%B0%9C-%EC%9C%A0%ED%98%95-%ED%85%8C%EC%8A%A4%ED%8A%B8,data-analysis
32,https://cdn.inflearn.com/public/courses/326383/cover/4c038b06-8afa-4ae8-b14a-5ed22cfabce0/326383-eng.png,파이썬 증권 데이터 수집과 분석으로 신호와 소음 찾기,https://www.inflearn.com/course/%EC%A6%9D%EA%B6%8C%EB%8D%B0%EC%9D%B4%ED%84%B0-%EC%88%98%EC%A7%91-%EB%B6%84%EC%84%9D,data-analysis
33,https://cdn.inflearn.com/public/courses/324858/cover/ea79a3dc-c1e5-488e-b750-1cbf75c55234,15일간의 빅데이터 파일럿 프로젝트,https://www.inflearn.com/course/%EB%B9%85%EB%8D%B0%EC%9D%B4%ED%84%B0-%ED%8C%8C%EC%9D%BC%EB%9F%BF-%ED%94%84%EB%A1%9C%EC%A0%9D%ED%8A%B8,data-analysis
34,https://cdn.inflearn.com/public/courses/324082/course_cover/91ab047b-c7f9-4e81-956d-da1bcc3c2c68/ljh_python.png,파이썬입문과 크롤링기초 부트캠프 (2022 업데이트) [쉽게! 견고한 자료까지!],https://www.inflearn.com/course/python-crawling-basic,data-analysis
35,https://cdn.inflearn.com/public/courses/328189/cover/ba68a3f9-1c62-4d70-a4d9-9e3436ae4ee0/328189-eng.png,"일잘하는 마케터, MD에게 꼭 필요한 파이썬 데이터 분석",https://www.inflearn.com/course/%ED%8C%8C%EC%9D%B4%EC%8D%AC-%EB%8D%B0%EC%9D%B4%ED%84%B0-%EB%B6%84%EC%84%9D-%EB%A7%88%EC%BC%80%ED%84%B0,data-analysis
36,https://cdn.inflearn.com/public/courses/324487/course_cover/b2ceb587-47e0-4708-ae2a-35d4f6c271e9/ysh_growthhacking2.png,그로스해킹 - 데이터와 실험을 통해 성장하는 서비스를 만드는 방법,https://www.inflearn.com/course/%EA%B7%B8%EB%A1%9C%EC%8A%A4%ED%95%B4%ED%82%B9-%EB%8D%B0%EC%9D%B4%ED%84%B0-%EC%8B%A4%ED%97%98-%EC%84%B1%EC%9E%A5-%EC%84%9C%EB%B9%84%EC%8A%A4,data-analysis
37,https://cdn.inflearn.com/public/courses/328479/cover/bd05344e-e927-42a7-8e8a-f1cc194eedba/328479-eng.jpg,머신러닝 기초부터 탄탄히 정복하기,https://www.inflearn.com/course/%EB%A8%B8%EC%8B%A0%EB%9F%AC%EB%8B%9D-%EA%B8%B0%EC%B4%88%ED%83%84%ED%83%84-%EC%A0%95%EB%B3%B5,data-analysis
38,https://cdn.inflearn.com/public/courses/327613/cover/88639f95-de1b-46b1-83ba-6489d81452f6/Thumbnail-02.png,[비전공자 대환영] 제로베이스도 쉽게 입문하는 파이썬 데이터 분석 - 캐글입문기,https://www.inflearn.com/course/%ED%8C%8C%EC%9D%B4%EC%8D%AC-%EB%8D%B0%EC%9D%B4%ED%84%B0%EB%B6%84%EC%84%9D-%EC%BA%90%EA%B8%80%EC%9E%85%EB%AC%B8,data-analysis
39,https://cdn.inflearn.com/public/courses/326871/cover/2ad0e730-d068-4095-ab51-62b2c94e49f8/326871-eng.png,[R을 R려줘] R 기초다지기,https://www.inflearn.com/course/r-%EC%95%8C%EB%A0%A4%EC%A4%98-%EA%B8%B0%EC%B4%88%EB%8B%A4%EC%A7%80%EA%B8%B0,data-analysis
40,https://cdn.inflearn.com/public/courses/326320/cover/76c28eb9-4e58-48ad-8f76-14c7a85de2ed,꼭 필요한 엑셀 5시간으로 끝내기와 3시간으로 ITQ엑셀 자격증취득,https://www.inflearn.com/course/%EC%97%91%EC%85%80-5%EC%8B%9C%EA%B0%84-%EB%81%9D%EB%82%B4%EA%B8%B0,data-analysis
41,https://cdn.inflearn.com/public/courses/325731/cover/e850d94c-cae2-47bc-8758-f7aa3a33982b/sql_intermediate_practices.png,[백문이불여일타] 데이터 분석을 위한 중급 SQL 문제풀이,https://www.inflearn.com/course/sql-%EC%A4%91%EA%B8%89-%EB%AC%B8%EC%A0%9C%ED%92%80%EC%9D%B4,data-analysis
42,https://cdn.inflearn.com/public/course-324537-cover/835ace9a-e142-47ed-a8e7-fabdb873c782,파이썬(Python)으로 데이터 기반 주식 퀀트 투자하기 Part1,https://www.inflearn.com/course/%ED%8C%8C%EC%9D%B4%EC%8D%AC-%ED%8C%90%EB%8B%A4%EC%8A%A4-%ED%80%80%ED%8A%B8-%ED%88%AC%EC%9E%90,data-analysis
43,https://cdn.inflearn.com/public/courses/328520/cover/69fc4b97-5c43-4353-9a7e-353fbd23c769/inflearn3.jpg,[핵집] 빅데이터 분석기사(필기)_과목 1~2,https://www.inflearn.com/course/%ED%95%B5%EC%A7%91-%EB%B9%85%EB%B6%84%EA%B8%B0-%ED%95%84%EA%B8%B012,data-analysis
44,https://cdn.inflearn.com/public/courses/328429/cover/0e68ecdb-65d3-4da8-8ca7-ecbddf079cc4/328429-eng.png,실무 예제로 끝내는 R 데이터 분석(저자직강),https://www.inflearn.com/course/%EC%8B%A4%EB%AC%B4%EC%98%88%EC%A0%9C-r-%EB%8D%B0%EC%9D%B4%ED%84%B0%EB%B6%84%EC%84%9D,data-analysis
45,https://cdn.inflearn.com/public/courses/328338/cover/d99cf664-d509-4d6d-9d98-e5852c8c11e7/328338-eng.png,처음 시작하는 R 데이터 분석,https://www.inflearn.com/course/%EC%B2%98%EC%9D%8C%EC%8B%9C%EC%9E%91-r-%EB%8D%B0%EC%9D%B4%ED%84%B0%EB%B6%84%EC%84%9D,data-analysis
46,https://cdn.inflearn.com/public/courses/328334/cover/72a0c9da-ff08-4147-9834-831e45e9ba42/banner.png,NEW 2022 12시간 안에 끝내는 R 활용 데이터분석 / 시각화,https://www.inflearn.com/course/12%EC%8B%9C%EA%B0%84-r-%EB%8D%B0%EC%9D%B4%ED%84%B0%EB%B6%84%EC%84%9D,data-analysis
47,https://cdn.inflearn.com/public/courses/328333/cover/583daa4e-147d-469d-a61a-e2bfaf9b41db/328333-eng.png,혼자 공부하는 R 데이터 분석,https://www.inflearn.com/course/%ED%98%BC%EC%9E%90%EA%B3%B5%EB%B6%80-r-%EB%8D%B0%EC%9D%B4%ED%84%B0%EB%B6%84%EC%84%9D,data-analysis
48,https://cdn.inflearn.com/public/courses/327871/cover/5da57e4f-7cf0-416d-baad-3bf7758eb725/327871-eng.png,입문자를 위한 자바스크립트 기초 강의,https://www.inflearn.com/course/%EC%9E%85%EB%AC%B8%EC%9E%90-%EC%9E%90%EB%B0%94%EC%8A%A4%ED%81%AC%EB%A6%BD%ED%8A%B8-%EA%B8%B0%EC%B4%88%EA%B0%95%EC%9D%98,javascript
49,https://cdn.inflearn.com/public/courses/326493/cover/66540835-1c93-4922-b947-6afe375566b4/326493-eng.png,처음 배우는 리액트 네이티브,https://www.inflearn.com/course/%EC%B2%98%EC%9D%8C-%EB%B0%B0%EC%9A%B0%EB%8A%94-%EB%A6%AC%EC%95%A1%ED%8A%B8-%EB%84%A4%EC%9D%B4%ED%8B%B0%EB%B8%8C,javascript
50,https://cdn.inflearn.com/public/courses/326174/cover/b0536120-7de3-4aa8-8266-97cf3881e87d,비전공자를 위한 진짜 입문 올인원 개발 클래스,https://www.inflearn.com/course/%EC%98%AC%EC%9D%B8%EC%9B%90-%EA%B0%9C%EB%B0%9C%ED%81%B4%EB%9E%98%EC%8A%A4,javascript
51,https://cdn.inflearn.com/public/courses/324088/cover/4b082095-db2c-44fe-8f74-dfb6af708ee9/vue_js.png,Vue.js 시작하기 - Age of Vue.js,https://www.inflearn.com/course/age-of-vuejs,javascript
52,https://cdn.inflearn.com/wp-content/uploads/es6_8.jpg,함수형 프로그래밍과 JavaScript ES6+,https://www.inflearn.com/course/functional-es6,javascript
53,https://cdn.inflearn.com/public/courses/328340/cover/13465c65-a83b-4bc1-82b3-71832345759d/328340-eng.png,한입 크기로 잘라 먹는 리액트(React.js) : 기초부터 실전까지,https://www.inflearn.com/course/%ED%95%9C%EC%9E%85-%EB%A6%AC%EC%95%A1%ED%8A%B8,javascript
54,https://cdn.inflearn.com/public/courses/326778/cover/fa701aa5-8e85-4c60-8bd0-32be8a67635b/3A9329DD-8AC3-44FA-AEAA-F981219DC5E2.png,자바스크립트 제대로 배워볼래?,https://www.inflearn.com/course/%EC%9E%90%EB%B0%94%EC%8A%A4%ED%81%AC%EB%A6%BD%ED%8A%B8-%EC%A0%9C%EB%8C%80%EB%A1%9C-%EB%B0%B0%EC%9B%8C%EB%B3%B4%EA%B8%B0,javascript
55,https://cdn.inflearn.com/public/courses/326317/cover/b07dfd4a-a0c8-4fc5-a885-40c5cbb5e325/doitdj.png,Do It! 장고+부트스트랩: 파이썬 웹개발의 정석,https://www.inflearn.com/course/%EB%91%90%EC%9E%87-%ED%8C%8C%EC%9D%B4%EC%8D%AC-%EC%9B%B9%EA%B0%9C%EB%B0%9C,javascript
56,https://cdn.inflearn.com/public/courses/326082/cover/c6519e92-f334-46ac-8a31-6290db19b32a,타입스크립트 입문 - 기초부터 실전까지,https://www.inflearn.com/course/%ED%83%80%EC%9E%85%EC%8A%A4%ED%81%AC%EB%A6%BD%ED%8A%B8-%EC%9E%85%EB%AC%B8,javascript
57,https://cdn.inflearn.com/public/courses/328238/cover/f3821bcd-cac4-470a-b3bc-edc8d699a604/328238-eng.png,자바스크립트 : 기초부터 실전까지 올인원,https://www.inflearn.com/course/%EC%9E%90%EB%B0%94%EC%8A%A4%ED%81%AC%EB%A6%BD%ED%8A%B8-%EC%98%AC%EC%9D%B8%EC%9B%90,javascript
58,https://cdn.inflearn.com/public/courses/328234/cover/a8a34f79-e1c3-48cc-ad7b-adf103c70d80/328234-eng-resize.png,만들면서 배우는 리액트 : 기초,https://www.inflearn.com/course/%EB%A7%8C%EB%93%A4%EB%A9%B4%EC%84%9C-%EB%B0%B0%EC%9A%B0%EB%8A%94-%EB%A6%AC%EC%95%A1%ED%8A%B8-%EA%B8%B0%EC%B4%88,javascript
59,https://cdn.inflearn.com/public/courses/327126/cover/13b0e441-4a3d-44cb-acbb-d86af2412e18/327126-eng-2.png,[리뉴얼] 렛츠기릿 자바스크립트,https://www.inflearn.com/course/%EB%A0%88%EC%B8%A0%EA%B8%B0%EB%A6%BF-%EC%9E%90%EB%B0%94%EC%8A%A4%ED%81%AC%EB%A6%BD%ED%8A%B8,javascript
60,https://cdn.inflearn.com/public/course-325738-cover/d248c2d7-4a02-429d-ae63-51f3053a1ce0/unnamed.gif.mp4,초보자도 만들 수 있는 애플 스크롤 인터렉션. 1편 자바스크립트,https://www.inflearn.com/course/%EC%95%A0%ED%94%8C-%EC%8A%A4%ED%81%AC%EB%A1%A4-%EC%9D%B8%ED%84%B0%EB%A0%89%EC%85%98-%EC%9E%90%EB%B0%94%EC%8A%A4%ED%81%AC%EB%A6%BD%ED%8A%B8,javascript
61,https://cdn.inflearn.com/public/courses/325307/course_cover/587aaeec-bee9-4c1e-9c90-9ae48b20f109/inflearn-original-web-ef.png,프로그래밍 시작하기 : 웹 입문 (Inflearn Original),https://www.inflearn.com/course/%EC%9B%B9%EA%B0%9C%EB%B0%9C-%EC%9E%85%EB%AC%B8-%EC%9D%B8%ED%94%84%EB%9F%B0-%EC%98%A4%EB%A6%AC%EC%A7%80%EB%84%90,javascript
62,https://cdn.inflearn.com/public/courses/324031/course_cover/9404bff2-89f1-4784-8a74-49b0fa51f13a/fullstack_jeju%28%EC%88%98%EC%A0%95%29.png,코알못에서 웹서비스 런칭까지 : 2021 제주 코딩 베이스캠프(Django),https://www.inflearn.com/course/web_fullstack,javascript
63,https://cdn.inflearn.com/public/courses/327593/cover/3c5219b2-c46c-49c7-a7cc-6d1a99f8a0bd/cover3_2메가.gif.mp4,웹게임을 만들며 배우는 인터렉티브웹! JAVASCRIPT,https://www.inflearn.com/course/%EC%9B%B9%EA%B2%8C%EC%9E%84-%EC%9D%B8%ED%84%B0%EB%A0%89%ED%8B%B0%EB%B8%8C,javascript
64,https://cdn.inflearn.com/public/courses/326944/cover/4bbf7aba-6491-4f11-b6cd-6058725333d6/썸네일_rxjs_2 복사.png,얄코의 반응형 프로그래밍 - 자바스크립트로 쉽게 배우는 ReactiveX,https://www.inflearn.com/course/%EC%96%84%EC%BD%94-%EC%9E%90%EB%B0%94%EC%8A%A4%ED%81%AC%EB%A6%BD%ED%8A%B8-reactivex,javascript
65,https://cdn.inflearn.com/public/courses/326377/cover/f0f0b7b0-a4f1-4ca4-b609-c026c7d5bd20/js_algorithm_best.png,자바스크립트 알고리즘 문제풀이(코딩테스트 대비),https://www.inflearn.com/course/%EC%9E%90%EB%B0%94%EC%8A%A4%ED%81%AC%EB%A6%BD%ED%8A%B8-%EC%95%8C%EA%B3%A0%EB%A6%AC%EC%A6%98-%EB%AC%B8%EC%A0%9C%ED%92%80%EC%9D%B4,javascript
66,https://cdn.inflearn.com/public/courses/326368/cover/7b26110e-1eab-4ab6-8d9c-82381a5afd3d/KakaoTalk_Photo_2021-05-26-22-29-45.jpeg,mongoDB 기초부터 실무까지(feat. Node.js),https://www.inflearn.com/course/%EB%AA%BD%EA%B3%A0%EB%94%94%EB%B9%84-%EA%B8%B0%EC%B4%88-%EC%8B%A4%EB%AC%B4,javascript
67,https://cdn.inflearn.com/public/course-324672-cover/77a2a919-eaaf-4228-9eb3-b28c5818725c,웹 게임을 만들며 배우는 TypeScript,https://www.inflearn.com/course/%EC%9B%B9%EA%B2%8C%EC%9E%84%EC%9D%84-%EB%A7%8C%EB%93%A4%EB%A9%B0-%EB%B0%B0%EC%9A%B0%EB%8A%94-typescript,javascript
68,https://cdn.inflearn.com/public/courses/324033/course_cover/231c55c4-5e77-427d-8344-25e2222cd96f/yjm_web.png,인터랙티브 웹 개발 제대로 시작하기,https://www.inflearn.com/course/interactive_web,javascript
69,https://cdn.inflearn.com/wp-content/uploads/Wallet-1.jpg,EOSJS를 이용한 EOS 심플 월렛 만들기,https://www.inflearn.com/course/eosjs,javascript
70,https://cdn.inflearn.com/public/courses/328118/cover/591c315e-b376-4486-9638-89577482ad6f/328118-eng.png,DOM 기본: 튼튼한 기본 만들기,https://www.inflearn.com/course/dom-%EA%B8%B0%EB%B3%B8,javascript
71,https://cdn.inflearn.com/public/courses/327297/cover/4e8558bc-8f7a-4e83-9c7a-2be15eefbc06/practical-season-2-cover.png,HTML+CSS+JS 포트폴리오 실전 퍼블리싱(시즌2),https://www.inflearn.com/course/%EC%9B%B9-%ED%8D%BC%EB%B8%94%EB%A6%AC%EC%8B%B1-%EC%8B%A4%EC%A0%84-%EC%8B%9C%EC%A6%8C2,javascript
72,https://cdn.inflearn.com/public/courses/326818/cover/1e1d4d79-96d5-4e68-a45c-c7ec6495b30c/cover-portfolio.png,면접과 취업을 부르는 '퍼블리셔 개인 포트폴리오 홈페이지' 제작,https://www.inflearn.com/course/%ED%8D%BC%EB%B8%94%EB%A6%AC%EC%85%94-%EA%B0%9C%EC%9D%B8-%ED%8F%AC%ED%8A%B8%ED%8F%B4%EB%A6%AC%EC%98%A4-%ED%99%88%ED%8E%98%EC%9D%B4%EC%A7%80,html-css
73,https://cdn.inflearn.com/public/courses/326174/cover/b0536120-7de3-4aa8-8266-97cf3881e87d,비전공자를 위한 진짜 입문 올인원 개발 클래스,https://www.inflearn.com/course/%EC%98%AC%EC%9D%B8%EC%9B%90-%EA%B0%9C%EB%B0%9C%ED%81%B4%EB%9E%98%EC%8A%A4,html-css
74,https://cdn.inflearn.com/public/courses/326778/cover/fa701aa5-8e85-4c60-8bd0-32be8a67635b/3A9329DD-8AC3-44FA-AEAA-F981219DC5E2.png,자바스크립트 제대로 배워볼래?,https://www.inflearn.com/course/%EC%9E%90%EB%B0%94%EC%8A%A4%ED%81%AC%EB%A6%BD%ED%8A%B8-%EC%A0%9C%EB%8C%80%EB%A1%9C-%EB%B0%B0%EC%9B%8C%EB%B3%B4%EA%B8%B0,html-css
75,https://cdn.inflearn.com/public/courses/326429/cover/5eaaba86-fd92-4d26-a3cc-776c614910d6,반응형 웹사이트 포트폴리오(App Official Landing Website),https://www.inflearn.com/course/%EB%B0%98%EC%9D%91%ED%98%95%EC%9B%B9-%ED%8F%AC%ED%8A%B8%ED%8F%B4%EB%A6%AC%EC%98%A4-%ED%8D%BC%EB%B8%94%EB%A6%AC%EC%8B%B1,html-css
76,https://cdn.inflearn.com/public/courses/326317/cover/b07dfd4a-a0c8-4fc5-a885-40c5cbb5e325/doitdj.png,Do It! 장고+부트스트랩: 파이썬 웹개발의 정석,https://www.inflearn.com/course/%EB%91%90%EC%9E%87-%ED%8C%8C%EC%9D%B4%EC%8D%AC-%EC%9B%B9%EA%B0%9C%EB%B0%9C,html-css
77,https://cdn.inflearn.com/public/courses/325450/course_cover/a15141ac-4d33-4f6d-a38b-3a0b5773031c/webdesign-cover-03.png,HTML+CSS+JS 포트폴리오 실전 퍼블리싱(시즌1),https://www.inflearn.com/course/%EC%9B%B9-%ED%8D%BC%EB%B8%94%EB%A6%AC%EC%8B%B1-%EC%9D%B4%EB%A1%A0-%EC%8B%A4%EC%A0%84,html-css
78,https://cdn.inflearn.com/public/courses/328238/cover/f3821bcd-cac4-470a-b3bc-edc8d699a604/328238-eng.png,자바스크립트 : 기초부터 실전까지 올인원,https://www.inflearn.com/course/%EC%9E%90%EB%B0%94%EC%8A%A4%ED%81%AC%EB%A6%BD%ED%8A%B8-%EC%98%AC%EC%9D%B8%EC%9B%90,html-css
79,https://cdn.inflearn.com/public/course-325738-cover/d248c2d7-4a02-429d-ae63-51f3053a1ce0/unnamed.gif.mp4,초보자도 만들 수 있는 애플 스크롤 인터렉션. 1편 자바스크립트,https://www.inflearn.com/course/%EC%95%A0%ED%94%8C-%EC%8A%A4%ED%81%AC%EB%A1%A4-%EC%9D%B8%ED%84%B0%EB%A0%89%EC%85%98-%EC%9E%90%EB%B0%94%EC%8A%A4%ED%81%AC%EB%A6%BD%ED%8A%B8,html-css
80,https://cdn.inflearn.com/public/courses/325307/course_cover/587aaeec-bee9-4c1e-9c90-9ae48b20f109/inflearn-original-web-ef.png,프로그래밍 시작하기 : 웹 입문 (Inflearn Original),https://www.inflearn.com/course/%EC%9B%B9%EA%B0%9C%EB%B0%9C-%EC%9E%85%EB%AC%B8-%EC%9D%B8%ED%94%84%EB%9F%B0-%EC%98%A4%EB%A6%AC%EC%A7%80%EB%84%90,html-css
81,https://cdn.inflearn.com/public/courses/324031/course_cover/9404bff2-89f1-4784-8a74-49b0fa51f13a/fullstack_jeju%28%EC%88%98%EC%A0%95%29.png,코알못에서 웹서비스 런칭까지 : 2021 제주 코딩 베이스캠프(Django),https://www.inflearn.com/course/web_fullstack,html-css
82,https://cdn.inflearn.com/public/courses/327684/cover/ecf8cdea-fea6-4a9c-962b-d0f145a68e46/cover-sass-flex-grid.png,SCSS(SASS) FLEX GRID 핵심이론(PDF) 교재 및 활용예제,https://www.inflearn.com/course/%EC%82%AC%EC%8A%A4-%ED%94%8C%EB%A0%89%EC%8A%A4-%EA%B7%B8%EB%A6%AC%EB%93%9C-%ED%95%B5%EC%8B%AC%EC%9D%B4%EB%A1%A0,html-css
83,https://cdn.inflearn.com/public/courses/327593/cover/3c5219b2-c46c-49c7-a7cc-6d1a99f8a0bd/cover3_2메가.gif.mp4,웹게임을 만들며 배우는 인터렉티브웹! JAVASCRIPT,https://www.inflearn.com/course/%EC%9B%B9%EA%B2%8C%EC%9E%84-%EC%9D%B8%ED%84%B0%EB%A0%89%ED%8B%B0%EB%B8%8C,html-css
84,https://cdn.inflearn.com/public/courses/326917/cover/2c6981f5-2323-4f96-8200-b4df7c9ff863/326917-eng.png,HTML5 CSS3 기초 & 반응형 웹 템플릿 만들기!,https://www.inflearn.com/course/html5-css3-%EA%B8%B0%EC%B4%88,html-css
85,https://cdn.inflearn.com/public/courses/324878/course_cover/12211037-e74b-46b3-8942-46d465b81bba/webdesign-cover-02.png,[2022년 출제기준] 웹디자인기능사 실기시험 완벽 가이드(HTML+CSS+JQUERY),https://www.inflearn.com/course/%EC%9B%B9%EB%94%94%EC%9E%90%EC%9D%B8-%EA%B8%B0%EB%8A%A5%EC%82%AC-2020,html-css
86,https://cdn.inflearn.com/public/courses/324033/course_cover/231c55c4-5e77-427d-8344-25e2222cd96f/yjm_web.png,인터랙티브 웹 개발 제대로 시작하기,https://www.inflearn.com/course/interactive_web,html-css
87,https://cdn.inflearn.com/wp-content/uploads/web1-1.png,"컴퓨터, 웹, 코딩, 프로그래밍의 시작 - Web1",https://www.inflearn.com/course/%EC%BB%B4%ED%93%A8%ED%84%B0-%EC%9B%B9-%EC%BD%94%EB%94%A9-%ED%94%84%EB%A1%9C%EA%B7%B8%EB%9E%98%EB%B0%8D-%EC%8B%9C%EC%9E%91-web-1,html-css
88,https://cdn.inflearn.com/public/courses/328132/cover/c9a31d84-9d9c-451d-bd47-58d20bd05b40/328132-eng.png,"최고의 프론트엔드 CSS Frameworks, UIkit",https://www.inflearn.com/course/css-%ED%94%84%EB%A0%88%EC%9E%84%EC%9B%8C%ED%81%AC-uikit-%EC%BD%94%EB%94%A9%EC%9B%8D%EC%8A%A4,html-css
89,https://cdn.inflearn.com/public/courses/328118/cover/591c315e-b376-4486-9638-89577482ad6f/328118-eng.png,DOM 기본: 튼튼한 기본 만들기,https://www.inflearn.com/course/dom-%EA%B8%B0%EB%B3%B8,html-css
90,https://cdn.inflearn.com/public/courses/328025/cover/1b564251-d3a4-4369-9b9d-3adceeae91ab/328025-eng-resize.png,초보자를 위한 Sass 기초 강의 & 자몽톡 클론코딩,https://www.inflearn.com/course/%EC%B4%88%EB%B3%B4%EC%9E%90-%EC%82%AC%EC%8A%A4-%EA%B8%B0%EC%B4%88%EA%B0%95%EC%9D%98-%ED%81%B4%EB%A1%A0,html-css
91,https://cdn.inflearn.com/public/courses/327941/cover/1ccdb6a3-571d-437f-b459-5d323ba932ca/cover-all-that-css3.png,중상급 퍼블리싱을 위한 CSS3의 모든 것,https://www.inflearn.com/course/%EC%A4%91%EC%83%81%EA%B8%89-%ED%8D%BC%EB%B8%94%EB%A6%AC%EC%8B%B1-css3-%EC%BD%94%EB%94%A9%EC%9B%8D%EC%8A%A4,html-css
92,https://cdn.inflearn.com/public/courses/327671/cover/095bcfd2-dfa9-4b78-a7b3-81701a6d6354/flex-gird-tumbnail.jpg,13가지 예제로 배우는 CSS Flex & Grid 핵심 기능,https://www.inflearn.com/course/%ED%94%8C%EB%A0%89%EC%8A%A4-%EA%B7%B8%EB%A6%AC%EB%93%9C-%EC%98%88%EC%A0%9C,html-css
93,https://cdn.inflearn.com/public/courses/327349/cover/c73b7447-7a83-41e5-83f1-abf59a35476a/썸네일_티처블머신_fin.png,닮은 연예인 찾기 서비스 제작 With 티처블머신,https://www.inflearn.com/course/%ED%8B%B0%EC%B2%98%EB%B8%94-%EB%A8%B8%EC%8B%A0-%EC%B4%88%EA%B8%89,html-css
94,https://cdn.inflearn.com/public/courses/327297/cover/4e8558bc-8f7a-4e83-9c7a-2be15eefbc06/practical-season-2-cover.png,HTML+CSS+JS 포트폴리오 실전 퍼블리싱(시즌2),https://www.inflearn.com/course/%EC%9B%B9-%ED%8D%BC%EB%B8%94%EB%A6%AC%EC%8B%B1-%EC%8B%A4%EC%A0%84-%EC%8B%9C%EC%A6%8C2,html-css
95,https://cdn.inflearn.com/public/course-326306-cover/4ea213de-f786-4af1-a9d0-b8932263885a,"풀스택을 위한 탄탄한 프런트엔드 부트캠프 (HTML, CSS, 바닐라 자바스크립트 + ES6) [풀스택 Part2]",https://www.inflearn.com/course/%ED%94%84%EB%9F%B0%ED%8A%B8%EC%97%94%EB%93%9C-%ED%92%80%EC%8A%A4%ED%83%9D-2,html-css
96,https://cdn.inflearn.com/public/courses/327148/cover/f14566b3-1845-48ee-af5f-86555dd273a4/327148-eng.png,UIKit - iOS14 실무 가이드 <iOS앱 진짜 개발자 되기>,https://www.inflearn.com/course/uikit-ios14,mobile-app
97,https://cdn.inflearn.com/public/courses/326493/cover/66540835-1c93-4922-b947-6afe375566b4/326493-eng.png,처음 배우는 리액트 네이티브,https://www.inflearn.com/course/%EC%B2%98%EC%9D%8C-%EB%B0%B0%EC%9A%B0%EB%8A%94-%EB%A6%AC%EC%95%A1%ED%8A%B8-%EB%84%A4%EC%9D%B4%ED%8B%B0%EB%B8%8C,mobile-app
98,https://cdn.inflearn.com/public/courses/328329/cover/78c28017-e321-493d-a9f3-1ce2b2b67230/flutter-inflearn.jpeg,[코드팩토리] [초급] Flutter 앱 개발 101 - 10개의 프로젝트로 오늘 초보 탈출!,https://www.inflearn.com/course/%ED%94%8C%EB%9F%AC%ED%84%B0-%ED%94%84%EB%A1%9C%EC%A0%9D%ED%8A%B8,mobile-app
99,https://cdn.inflearn.com/public/courses/327851/cover/44e210b0-6389-4785-9448-4501c836b4ea/thumbnail-3.jpg,밥 먹으면서 듣는 안드로이드 개념잡기,https://www.inflearn.com/course/%EC%95%88%EB%93%9C%EB%A1%9C%EC%9D%B4%EB%93%9C-%EA%B0%9C%EB%85%90%EC%9E%A1%EA%B8%B0,mobile-app
100,https://cdn.inflearn.com/public/courses/328001/cover/e11c6e6a-14c6-494a-954d-5fc625eb89a6/328001-eng.png,개발하는 정대리 스위프트 기초 문법,https://www.inflearn.com/course/%EC%A0%95%EB%8C%80%EB%A6%AC-%EC%8A%A4%EC%9C%84%ED%94%84%ED%8A%B8-%EA%B8%B0%EC%B4%88,mobile-app
101,https://cdn.inflearn.com/public/courses/327890/cover/767897fa-36b3-4b8a-a4aa-2355ec4b5602/327890-eng.png,모던 안드로이드 - Jetpack Compose 입문,https://www.inflearn.com/course/%EB%AA%A8%EB%8D%98-%EC%95%88%EB%93%9C%EB%A1%9C%EC%9D%B4%EB%93%9C-%EC%BB%B4%ED%8F%AC%EC%A6%88,mobile-app
102,https://cdn.inflearn.com/public/courses/327531/cover/f72dcfea-1e4f-47df-bb98-4139de3f3839/327531-eng.png,[초중급편] 안드로이드 데이팅 앱 만들기(Android Kotlin),https://www.inflearn.com/course/%EC%95%88%EB%93%9C%EB%A1%9C%EC%9D%B4%EB%93%9C-%EC%BD%94%ED%8B%80%EB%A6%B0-%EB%8D%B0%EC%9D%B4%ED%8C%85%EC%95%B1,mobile-app
103,https://cdn.inflearn.com/public/courses/327300/cover/c7b6c66e-2433-48e1-833f-9ed8f35cbe5a/327300-eng.png,[초급편] 안드로이드 커뮤니티 앱 만들기(Android Kotlin),https://www.inflearn.com/course/%EC%95%88%EB%93%9C%EB%A1%9C%EC%9D%B4%EB%93%9C-%EC%BD%94%ED%8B%80%EB%A6%B0-%EC%BB%A4%EB%AE%A4%EB%8B%88%ED%8B%B0%EC%95%B1,mobile-app
104,https://cdn.inflearn.com/public/courses/324711/course_cover/92e05087-bd8f-46aa-8bbe-37c4bfe35cf9/con.png,"iOS Concurrency(동시성) 프로그래밍, 동기 비동기 처리 그리고 GCD/Operation - 디스패치큐와 오퍼레이션큐의 이해",https://www.inflearn.com/course/iOS-Concurrency-GCD-Operation,mobile-app
105,https://cdn.inflearn.com/public/courses/327990/cover/dce8a6f7-5fb4-40f5-baa7-ae37dc9cf94e/327990-eng.png,코틀린 3강으로 끝내기 feat. 안드로이드 개발,https://www.inflearn.com/course/%EC%BD%94%ED%8B%80%EB%A6%B0-%EB%81%9D%EB%82%B4%EA%B8%B0,mobile-app
106,https://cdn.inflearn.com/public/courses/327408/cover/d9f6221b-212d-48bb-93bd-10a74fcf320b/327408-eng.png,"C# 입문부터 안드로이드, 윈도우 앱(UWP) 동시에 만들기 with Xamarin Forms(자마린 폼즈)",https://www.inflearn.com/course/c-sharp-%EC%9E%90%EB%A7%88%EB%A6%B0-%ED%8F%BC%EC%A6%88,mobile-app
107,https://cdn.inflearn.com/public/courses/327096/cover/fa1cbc3c-c0e8-4a3d-9f2a-1150b67f6457/327096-eng.png,[왕초보편] 앱 8개를 만들면서 배우는 안드로이드 코틀린(Android Kotlin),https://www.inflearn.com/course/%EC%95%88%EB%93%9C%EB%A1%9C%EC%9D%B4%EB%93%9C-%EC%BD%94%ED%8B%80%EB%A6%B0-%EB%AA%A8%EB%B0%94%EC%9D%BC%EC%95%B1,mobile-app
108,https://cdn.inflearn.com/public/course-326064-cover/9b29a803-cd2b-419b-bdda-d5d9cc1209dd,SwiftUI - iOS14 퍼펙트 가이드,https://www.inflearn.com/course/swift-ui-ios14,mobile-app
109,https://cdn.inflearn.com/public/course-325874-cover/f38ca683-df16-488c-8114-9259c7919265,iOS/Android 앱 개발을 위한 실전 React Native - Basic,https://www.inflearn.com/course/%EB%A6%AC%EC%95%A1%ED%8A%B8-%EB%84%A4%EC%9D%B4%ED%8B%B0%EB%B8%8C-%EA%B8%B0%EC%B4%88,mobile-app
110,https://cdn.inflearn.com/wp-content/uploads/iOS_auto.jpg,iOS AutoLayout 완벽 가이드 - 실무 프로젝트를 위한 실전강의,https://www.inflearn.com/course/autolayout,mobile-app
111,https://cdn.inflearn.com/public/courses/327419/cover/05765f27-21d7-485e-b118-b9d282c88fcf/thumbnail.png,"따라 하다 보면 완성되는, Ionic 훑어보기",https://www.inflearn.com/course/%EC%95%84%EC%9D%B4%EC%98%A4%EB%8B%89-%ED%9B%91%EC%96%B4%EB%B3%B4%EA%B8%B0,mobile-app
112,https://cdn.inflearn.com/public/courses/326943/cover/ca331f45-4c21-4603-b1a2-c517b0d4664b/326943-eng.png,쉽게 따라할 수 있는 안드로이드 앱 개발,https://www.inflearn.com/course/%EC%95%88%EB%93%9C%EB%A1%9C%EC%9D%B4%EB%93%9C-%EC%95%B1%EA%B0%9C%EB%B0%9C-%EA%B8%B0%EC%88%A0%EB%85%B8%ED%8A%B8,mobile-app
113,https://cdn.inflearn.com/public/courses/326102/cover/c0dc5c3d-69c8-4bce-94c0-c959660e08d6/1.png,"iOS 최신 앱 개발 강의 - 기초부터 핵심 요소, 간단한 포폴까지 제작",https://www.inflearn.com/course/ios13-%EC%95%B1%EA%B0%9C%EB%B0%9C-%ED%8F%AC%ED%8F%B4,mobile-app
114,https://cdn.inflearn.com/public/course-325892-cover/115c5c0f-87b4-4edc-83cc-0cd351566db3,윤재성의 Kotlin 기반 안드로이드 앱 개발 Part 3 - 데이터관리와 네트워크,https://www.inflearn.com/course/%EC%86%8C%ED%94%84%ED%8A%B8%EC%BA%A0%ED%8D%BC%EC%8A%A4-%EC%BD%94%ED%8B%80%EB%A6%B0-%EC%95%88%EB%93%9C%EB%A1%9C%EC%9D%B4%EB%93%9C-3,mobile-app
115,https://cdn.inflearn.com/public/courses/328440/cover/7a6d0604-2160-44de-87f7-c2732b8e7b2d/328440-eng.png,윤재성의 자바 기반 안드로이드 앱개발 part1 - UI Programming,https://www.inflearn.com/course/%EC%95%88%EB%93%9C%EB%A1%9C%EC%9D%B4%EB%93%9C-%EC%9E%90%EB%B0%94-%EC%95%B1%EA%B0%9C%EB%B0%9C-1,mobile-app
116,https://cdn.inflearn.com/public/course-325703-cover/06bda940-08be-4767-aead-9db2d25b2563,윤재성의 Kotlin 기반 안드로이드 앱 개발 Part2 - 메뉴와 4대 구성요소,https://www.inflearn.com/course/%EC%86%8C%ED%94%84%ED%8A%B8%EC%BA%A0%ED%8D%BC%EC%8A%A4-%EC%BD%94%ED%8B%80%EB%A6%B0-%EC%95%88%EB%93%9C%EB%A1%9C%EC%9D%B4%EB%93%9C-2,mobile-app
117,https://cdn.inflearn.com/public/courses/325462/course_cover/0319a8c7-213d-439b-9f80-e1ffd3b4ad85/kotlin-part1-uiprogramming-eng.png,윤재성의 Kotlin 기반 안드로이드 앱 개발 Part1 - UI Programming,https://www.inflearn.com/course/%EC%86%8C%ED%94%84%ED%8A%B8%EC%BA%A0%ED%8D%BC%EC%8A%A4-%EC%BD%94%ED%8B%80%EB%A6%B0-%EC%95%88%EB%93%9C%EB%A1%9C%EC%9D%B4%EB%93%9C-1,mobile-app
118,https://cdn.inflearn.com/public/courses/325216/course_cover/06329c3b-cb83-4979-8761-2b0ddefe3acf/softcampus-kotlin-start-eng-4.png,윤재성의 Google 공식 언어 Kotlin 프로그래밍 시작하기,https://www.inflearn.com/course/%EA%B5%AC%EA%B8%80-%EA%B3%B5%EC%8B%9D-%EC%BD%94%ED%8B%80%EB%A6%B0-%EC%8B%9C%EC%9E%91%ED%95%98%EA%B8%B0,mobile-app
119,https://cdn.inflearn.com/public/courses/327189/cover/c645fc7c-9164-4d64-aff8-5f4ad6455679/327189-eng.png,"개발부터 매각까지, 안드로이드 앱 개발 마스터 클래스",https://www.inflearn.com/course/%EC%95%88%EB%93%9C%EB%A1%9C%EC%9D%B4%EB%93%9C-%EC%95%B1-%EA%B0%9C%EB%B0%9C-%ED%81%B4%EB%9E%98%EC%8A%A4,mobile-app
120,https://cdn.inflearn.com/public/courses/328348/cover/b0523a0a-b813-4ba4-afd3-58bfa12904fb/328348-eng.png,코딩으로 학습하는 리팩토링,https://www.inflearn.com/course/%EB%A6%AC%ED%8C%A9%ED%86%A0%EB%A7%81,java
121,https://cdn.inflearn.com/public/courses/326750/cover/d7815167-2a01-42c1-aacf-bbd32a3705bc/326750-eng.png,자바(Java) 알고리즘 문제풀이 : 코딩테스트 대비,https://www.inflearn.com/course/%EC%9E%90%EB%B0%94-%EC%95%8C%EA%B3%A0%EB%A6%AC%EC%A6%98-%EB%AC%B8%EC%A0%9C%ED%92%80%EC%9D%B4-%EC%BD%94%ED%85%8C%EB%8C%80%EB%B9%84,java
122,https://cdn.inflearn.com/public/courses/324119/course_cover/07c45106-3cfa-4dd6-93ed-a6449591831c/%E1%84%80%E1%85%B3%E1%84%85%E1%85%AE%E1%86%B8%205%20%E1%84%87%E1%85%A9%E1%86%A8%E1%84%89%E1%85%A1%204.png,실전! 스프링 부트와 JPA 활용1 - 웹 애플리케이션 개발,https://www.inflearn.com/course/%EC%8A%A4%ED%94%84%EB%A7%81%EB%B6%80%ED%8A%B8-JPA-%ED%99%9C%EC%9A%A9-1,java
123,https://cdn.inflearn.com/public/courses/324192/course_cover/6b4d144e-95e7-48a3-92ff-4f99e6966b11/java%20tpc.png,"Java TPC(생각하고, 표현하고, 코딩하고)",https://www.inflearn.com/course/%EC%9E%90%EB%B0%94-%EC%9E%85%EB%AC%B8-%ED%94%84%EB%A1%9C%EA%B7%B8%EB%9E%98%EB%B0%8D,java
124,https://cdn.inflearn.com/public/courses/327819/cover/24e9812b-a7ad-4f36-8065-f3d24aa765b9/327819-eng.png,코딩으로 학습하는 GoF의 디자인 패턴,https://www.inflearn.com/course/%EB%94%94%EC%9E%90%EC%9D%B8-%ED%8C%A8%ED%84%B4,java
125,https://cdn.inflearn.com/public/courses/325630/cover/56f635a3-3a44-4096-a16b-453ea1696b1a/325630-eng.png,"스프링 입문 - 코드로 배우는 스프링 부트, 웹 MVC, DB 접근 기술",https://www.inflearn.com/course/%EC%8A%A4%ED%94%84%EB%A7%81-%EC%9E%85%EB%AC%B8-%EC%8A%A4%ED%94%84%EB%A7%81%EB%B6%80%ED%8A%B8,java
126,https://cdn.inflearn.com/public/course-325598-cover/493b8680-7652-4ea8-8e57-a53e58b1622f,"더 자바, Java 8",https://www.inflearn.com/course/the-java-java8,java
127,https://cdn.inflearn.com/public/courses/324109/course_cover/161476f8-f0b7-4b04-b293-ce648c2ea445/kyh_jsp.png,자바 ORM 표준 JPA 프로그래밍 - 기본편,https://www.inflearn.com/course/ORM-JPA-Basic,java
128,https://cdn.inflearn.com/public/courses/328588/cover/71890817-dcf7-4221-8248-aa31e1626ee7/328588-eng.png,Java 제대로 배우기,https://www.inflearn.com/course/%EC%9E%90%EB%B0%94-%EC%A0%9C%EB%8C%80%EB%A1%9C,java
129,https://cdn.inflearn.com/public/course-326035-cover/cdf900e1-7e7a-413e-a411-e926e88a5590,Java 디자인 패턴,https://www.inflearn.com/course/%EC%9E%90%EB%B0%94-%EB%94%94%EC%9E%90%EC%9D%B8%ED%8C%A8%ED%84%B4,java
130,https://cdn.inflearn.com/public/courses/324509/course_cover/85a80c0a-b297-458a-a4f2-0666e4de13a5/thejava2.png,"더 자바, 애플리케이션을 테스트하는 다양한 방법",https://www.inflearn.com/course/the-java-application-test,java
131,https://cdn.inflearn.com/public/courses/324184/course_cover/cd411e13-4f2c-4254-b569-76ff8f663a2d/thejava.png,"더 자바, 코드를 조작하는 다양한 방법",https://www.inflearn.com/course/the-java-code-manipulation,java
132,https://cdn.inflearn.com/public/courses/324139/course_cover/d599784c-a2ef-4c1b-97c0-7e663cd7764d/%E1%84%8B%E1%85%B5%E1%84%8C%E1%85%A2%E1%84%92%E1%85%AA%E1%86%AB_%E1%84%8C%E1%85%A1%E1%84%87%E1%85%A1%E1%84%8F%E1%85%B3%E1%86%AF%E1%84%85%E1%85%A2%E1%84%89%E1%85%B3.png,자바 : 클래스의 이해와 객체지향 프로그래밍,https://www.inflearn.com/course/%EC%9E%90%EB%B0%94-%ED%81%B4%EB%9E%98%EC%8A%A4-%EA%B0%9D%EC%B2%B4%EC%A7%80%ED%96%A5-%ED%94%84%EB%A1%9C%EA%B7%B8%EB%9E%98%EB%B0%8D,java
133,https://cdn.inflearn.com/public/courses/323992/course_cover/134042f1-d820-4de1-9cd1-1f99517844da/spring_revised_edition2.png,예제로 배우는 스프링 입문 (개정판),https://www.inflearn.com/course/spring_revised_edition,java
134,https://cdn.inflearn.com/wp-content/uploads/springboot_1-1-2.jpg,스프링 프레임워크 입문,https://www.inflearn.com/course/spring,java
135,https://cdn.inflearn.com/wp-content/uploads/spring_ver.2018-1.jpg,자바 스프링 프레임워크(renew ver.) - 신입 프로그래머를 위한 강좌,https://www.inflearn.com/course/%EC%8A%A4%ED%94%84%EB%A7%81-%ED%94%84%EB%A0%88%EC%9E%84%EC%9B%8C%ED%81%AC_renew,java
136,https://cdn.inflearn.com/public/course-325733-cover/a173e0a7-0f14-4be4-88f0-64ec91cfc6f9,자바 입문자를 위한 강의,https://www.inflearn.com/course/%EC%9E%90%EB%B0%94-%ED%94%84%EB%A1%9C%EA%B7%B8%EB%9E%98%EB%B0%8D-%EA%B8%B0%EC%B4%88-%EC%9E%85%EB%AC%B8,java
137,https://cdn.inflearn.com/public/courses/324726/course_cover/7957fdce-99a0-4b54-aa97-018b32227591/kro-javafx.png,자바(javafx) 실전 데스크탑앱 프로젝트 - 유튜브관리앱,https://www.inflearn.com/course/javafx-%EB%8D%B0%EC%8A%A4%ED%81%AC%ED%83%91-%EC%95%B1%EB%A7%8C%EB%93%A4%EA%B8%B0,java
138,https://cdn.inflearn.com/public/courses/324024/course_cover/748e1882-e710-4388-98e8-e760f38c1afc/sc_java.png,윤재성의 안드로이드를 위한 자바 프로그래밍,https://www.inflearn.com/course/android_java,java
139,https://cdn.inflearn.com/wp-content/uploads/lgj_java1-1.jpg,실전 자바 01 초보자 편,https://www.inflearn.com/course/java-3,java
140,https://cdn.inflearn.com/wp-content/uploads/java_ver.2018-2.jpg,자바 프로그래밍 입문 강좌 (renew ver.) - 초보부터 개발자 취업까지!!,https://www.inflearn.com/course/%EC%8B%A4%EC%A0%84-%EC%9E%90%EB%B0%94_java-renew,java
141,https://cdn.inflearn.com/public/courses/328440/cover/7a6d0604-2160-44de-87f7-c2732b8e7b2d/328440-eng.png,윤재성의 자바 기반 안드로이드 앱개발 part1 - UI Programming,https://www.inflearn.com/course/%EC%95%88%EB%93%9C%EB%A1%9C%EC%9D%B4%EB%93%9C-%EC%9E%90%EB%B0%94-%EC%95%B1%EA%B0%9C%EB%B0%9C-1,java
142,https://cdn.inflearn.com/public/courses/327598/cover/feec6bfd-abaa-4972-9c88-7dd13ed57c32/327598-eng.png,백엔드 프레임워크 만들기 (개정판),https://www.inflearn.com/course/%ED%94%84%EB%A0%88%EC%9E%84%EC%9B%8C%ED%81%AC-%EB%A7%8C%EB%93%A4%EA%B8%B0-%EA%B0%9C%EC%A0%95%ED%8C%90,java
143,https://cdn.inflearn.com/public/courses/326833/cover/97aa1dfb-a61d-42c9-ab6f-adf62b087dd0/326833_eng.jpg,예제로 공부하는 Java 100 문제풀이 Part.1,https://www.inflearn.com/course/%EC%9E%90%EB%B0%94-100%EC%A0%9C-1,java
144,https://cdn.inflearn.com/public/courses/327871/cover/5da57e4f-7cf0-416d-baad-3bf7758eb725/327871-eng.png,입문자를 위한 자바스크립트 기초 강의,https://www.inflearn.com/course/%EC%9E%85%EB%AC%B8%EC%9E%90-%EC%9E%90%EB%B0%94%EC%8A%A4%ED%81%AC%EB%A6%BD%ED%8A%B8-%EA%B8%B0%EC%B4%88%EA%B0%95%EC%9D%98,front-end
145,https://cdn.inflearn.com/public/courses/326905/cover/739f7b4b-1a9f-478f-a6a8-1a13bf58cae3/326905-eng.png,만들고 비교하며 학습하는 리액트 (React),https://www.inflearn.com/course/%EB%A7%8C%EB%93%A4%EB%A9%B4%EC%84%9C-%ED%95%99%EC%8A%B5%ED%95%98%EB%8A%94-%EB%A6%AC%EC%95%A1%ED%8A%B8,front-end
146,https://cdn.inflearn.com/public/courses/324088/cover/4b082095-db2c-44fe-8f74-dfb6af708ee9/vue_js.png,Vue.js 시작하기 - Age of Vue.js,https://www.inflearn.com/course/age-of-vuejs,front-end
147,https://cdn.inflearn.com/wp-content/uploads/es6_8.jpg,함수형 프로그래밍과 JavaScript ES6+,https://www.inflearn.com/course/functional-es6,front-end
148,https://cdn.inflearn.com/public/courses/327991/cover/e3589cbb-7502-4c72-a665-72ec33d59173/인프런 썸네일.png,하루만에 Cypress로 작성하는 자바스크립트 E2E 테스트 코드,https://www.inflearn.com/course/%EC%8B%B8%EC%9D%B4%ED%94%84%EB%A0%88%EC%8A%A4-%ED%85%8C%EC%8A%A4%ED%8A%B8,front-end
149,https://cdn.inflearn.com/public/courses/326082/cover/c6519e92-f334-46ac-8a31-6290db19b32a,타입스크립트 입문 - 기초부터 실전까지,https://www.inflearn.com/course/%ED%83%80%EC%9E%85%EC%8A%A4%ED%81%AC%EB%A6%BD%ED%8A%B8-%EC%9E%85%EB%AC%B8,front-end
150,https://cdn.inflearn.com/public/courses/328238/cover/f3821bcd-cac4-470a-b3bc-edc8d699a604/328238-eng.png,자바스크립트 : 기초부터 실전까지 올인원,https://www.inflearn.com/course/%EC%9E%90%EB%B0%94%EC%8A%A4%ED%81%AC%EB%A6%BD%ED%8A%B8-%EC%98%AC%EC%9D%B8%EC%9B%90,front-end
151,https://cdn.inflearn.com/public/courses/328234/cover/a8a34f79-e1c3-48cc-ad7b-adf103c70d80/328234-eng-resize.png,만들면서 배우는 리액트 : 기초,https://www.inflearn.com/course/%EB%A7%8C%EB%93%A4%EB%A9%B4%EC%84%9C-%EB%B0%B0%EC%9A%B0%EB%8A%94-%EB%A6%AC%EC%95%A1%ED%8A%B8-%EA%B8%B0%EC%B4%88,front-end
152,https://cdn.inflearn.com/public/course-325738-cover/d248c2d7-4a02-429d-ae63-51f3053a1ce0/unnamed.gif.mp4,초보자도 만들 수 있는 애플 스크롤 인터렉션. 1편 자바스크립트,https://www.inflearn.com/course/%EC%95%A0%ED%94%8C-%EC%8A%A4%ED%81%AC%EB%A1%A4-%EC%9D%B8%ED%84%B0%EB%A0%89%EC%85%98-%EC%9E%90%EB%B0%94%EC%8A%A4%ED%81%AC%EB%A6%BD%ED%8A%B8,front-end
153,https://cdn.inflearn.com/public/courses/324959/course_cover/10b37838-44cc-4833-ac1c-18c22bad5a25/1.png,프론트엔드 개발자를 위한 웹팩,https://www.inflearn.com/course/%ED%94%84%EB%9F%B0%ED%8A%B8%EC%97%94%EB%93%9C-%EC%9B%B9%ED%8C%A9,front-end
154,https://cdn.inflearn.com/public/courses/327593/cover/3c5219b2-c46c-49c7-a7cc-6d1a99f8a0bd/cover3_2메가.gif.mp4,웹게임을 만들며 배우는 인터렉티브웹! JAVASCRIPT,https://www.inflearn.com/course/%EC%9B%B9%EA%B2%8C%EC%9E%84-%EC%9D%B8%ED%84%B0%EB%A0%89%ED%8B%B0%EB%B8%8C,front-end
155,https://cdn.inflearn.com/public/courses/326773/cover/c97d7964-8797-4564-85fd-f1171c9b2db7/326773-eng.png,프로젝트로 배우는 Vue.js 3,https://www.inflearn.com/course/vue-%EA%B8%B0%EC%B4%88-%EC%9D%B5%ED%9E%88%EA%B8%B0,front-end
156,https://cdn.inflearn.com/public/courses/326711/cover/fd80dcfb-1a2d-44d4-abc4-2b718a74cd18/B1EAF1E7-35F9-4678-8E97-24407AEF80C5.png,Vue.js 제대로 배워볼래?(Vue.js 프로젝트 투입 일주일 전),https://www.inflearn.com/course/vue-%EC%A0%9C%EB%8C%80%EB%A1%9C-%EB%B0%B0%EC%9B%8C%EB%B3%B4%EA%B8%B0,front-end
157,https://cdn.inflearn.com/public/course-326295-cover/eaba30bd-b9ec-4277-b178-a418b5daf1a3,Svelte.js 입문 가이드,https://www.inflearn.com/course/%EC%8A%A4%EB%B2%A8%ED%8A%B8-%EC%9E%85%EB%AC%B8-%EA%B0%80%EC%9D%B4%EB%93%9C,front-end
158,https://cdn.inflearn.com/public/course-324672-cover/77a2a919-eaaf-4228-9eb3-b28c5818725c,웹 게임을 만들며 배우는 TypeScript,https://www.inflearn.com/course/%EC%9B%B9%EA%B2%8C%EC%9E%84%EC%9D%84-%EB%A7%8C%EB%93%A4%EB%A9%B0-%EB%B0%B0%EC%9A%B0%EB%8A%94-typescript,front-end
159,https://cdn.inflearn.com/public/courses/324033/course_cover/231c55c4-5e77-427d-8344-25e2222cd96f/yjm_web.png,인터랙티브 웹 개발 제대로 시작하기,https://www.inflearn.com/course/interactive_web,front-end
160,https://cdn.inflearn.com/public/courses/328118/cover/591c315e-b376-4486-9638-89577482ad6f/328118-eng.png,DOM 기본: 튼튼한 기본 만들기,https://www.inflearn.com/course/dom-%EA%B8%B0%EB%B3%B8,front-end
161,https://cdn.inflearn.com/public/courses/326540/cover/ca6577be-c03d-4179-a120-472873d46c94/thumb5.gif.mp4,인터랙티브 개발 실무 끝장내기 [역량 강화편],https://www.inflearn.com/course/%EC%9D%B8%ED%84%B0%EB%9E%99%ED%8B%B0%EB%B8%8C-%EC%97%AD%EB%9F%89%EA%B0%95%ED%99%94,front-end
162,https://cdn.inflearn.com/public/course-326306-cover/4ea213de-f786-4af1-a9d0-b8932263885a,"풀스택을 위한 탄탄한 프런트엔드 부트캠프 (HTML, CSS, 바닐라 자바스크립트 + ES6) [풀스택 Part2]",https://www.inflearn.com/course/%ED%94%84%EB%9F%B0%ED%8A%B8%EC%97%94%EB%93%9C-%ED%92%80%EC%8A%A4%ED%83%9D-2,front-end
163,https://cdn.inflearn.com/public/courses/324748/course_cover/bb3c6bb1-5d92-48bd-926f-00cfa0d5522d/thumbnail.JPG,CSS Flex와 Grid 제대로 익히기,https://www.inflearn.com/course/css-flex-grid-%EC%A0%9C%EB%8C%80%EB%A1%9C-%EC%9D%B5%ED%9E%88%EA%B8%B0,front-end
164,https://cdn.inflearn.com/public/course-326047-cover/f048b428-5c82-45a8-9c67-b2d38d388809/effect.gif.mp4,쉽고 빠르게 만드는 다양한 이미지 이펙트!,https://www.inflearn.com/course/%EC%9E%90%EB%B0%94%EC%8A%A4%ED%81%AC%EB%A6%BD%ED%8A%B8-%EC%9D%B4%EB%AF%B8%EC%A7%80-%EC%9D%B4%ED%8E%99%ED%8A%B8,front-end
165,https://cdn.inflearn.com/public/courses/325641/cover/ede5cb01-f840-4308-9562-cfbddf04e9e6/last4.gif.mp4,몇 줄로 끝내는 인터랙티브 웹 개발 노하우 [초급편],https://www.inflearn.com/course/%EC%9E%90%EB%B0%94%EC%8A%A4%ED%81%AC%EB%A6%BD%ED%8A%B8-%EC%9D%B8%ED%84%B0%EB%9E%99%ED%8B%B0%EB%B8%8C-%EC%9B%B9,front-end
166,https://cdn.inflearn.com/public/course-324063-cover/3c856a69-e213-4394-8317-1469386b82cc,웹 게임을 만들며 배우는 React,https://www.inflearn.com/course/web-game-react,front-end
167,https://cdn.inflearn.com/wp-content/uploads/vuejsandpure.png,실습 UI 개발로 배워보는 순수 javascript 와 VueJS 개발,https://www.inflearn.com/course/%EC%88%9C%EC%88%98js-vuejs-%EA%B0%9C%EB%B0%9C-%EA%B0%95%EC%A2%8C,front-end
168,https://cdn.inflearn.com/public/courses/327260/cover/a51a5154-c375-4210-9fb1-0b716fd4ac73/327260-eng.png,스프링 MVC 2편 - 백엔드 웹 개발 활용 기술,https://www.inflearn.com/course/%EC%8A%A4%ED%94%84%EB%A7%81-mvc-2,back-end
169,https://cdn.inflearn.com/public/courses/324119/course_cover/07c45106-3cfa-4dd6-93ed-a6449591831c/%E1%84%80%E1%85%B3%E1%84%85%E1%85%AE%E1%86%B8%205%20%E1%84%87%E1%85%A9%E1%86%A8%E1%84%89%E1%85%A1%204.png,실전! 스프링 부트와 JPA 활용1 - 웹 애플리케이션 개발,https://www.inflearn.com/course/%EC%8A%A4%ED%94%84%EB%A7%81%EB%B6%80%ED%8A%B8-JPA-%ED%99%9C%EC%9A%A9-1,back-end
170,https://cdn.inflearn.com/public/course-326288-cover/9bd53e0c-48e2-449d-969a-277335c0df77,초보를 위한 쿠버네티스 안내서,https://www.inflearn.com/course/%EC%BF%A0%EB%B2%84%EB%84%A4%ED%8B%B0%EC%8A%A4-%EC%9E%85%EB%AC%B8,back-end
171,https://cdn.inflearn.com/public/courses/325969/cover/2868c757-5886-4508-a140-7cb68a83dfd8/325969-eng.png,스프링 핵심 원리 - 기본편,https://www.inflearn.com/course/%EC%8A%A4%ED%94%84%EB%A7%81-%ED%95%B5%EC%8B%AC-%EC%9B%90%EB%A6%AC-%EA%B8%B0%EB%B3%B8%ED%8E%B8,back-end
172,https://cdn.inflearn.com/public/courses/324190/cover/ed7c4e72-871a-405c-956e-85c830ff2ca6/대세는 쿠버네티스.jpg,대세는 쿠버네티스 [초급~중급],https://www.inflearn.com/course/%EC%BF%A0%EB%B2%84%EB%84%A4%ED%8B%B0%EC%8A%A4-%EA%B8%B0%EC%B4%88,back-end
173,https://cdn.inflearn.com/public/courses/327005/cover/e4ddde65-0f6b-4626-b745-6ce2d892d6b3/327005-eng.png,[NarP Series]MVC 프레임워크는 내 손에[나프2탄],https://www.inflearn.com/course/%EB%82%98%ED%94%84-mvc-2,back-end
174,https://cdn.inflearn.com/public/courses/326674/cover/4657d793-56a4-42f3-9d44-dc88d125a49e,스프링 MVC 1편  - 백엔드 웹 개발 핵심 기술,https://www.inflearn.com/course/%EC%8A%A4%ED%94%84%EB%A7%81-mvc-1,back-end
175,https://cdn.inflearn.com/public/courses/326544/cover/02f637a6-7369-4ab0-b638-3eccd9c339db/326544-eng.png,Spring Cloud로 개발하는 마이크로서비스 애플리케이션(MSA),https://www.inflearn.com/course/%EC%8A%A4%ED%94%84%EB%A7%81-%ED%81%B4%EB%9D%BC%EC%9A%B0%EB%93%9C-%EB%A7%88%EC%9D%B4%ED%81%AC%EB%A1%9C%EC%84%9C%EB%B9%84%EC%8A%A4,back-end
176,https://cdn.inflearn.com/public/courses/325065/cover/43d3072a-4402-45a6-b5ee-332f53a4b75f/325065-eng-b.png,Spring Boot를 이용한 RESTful Web Services 개발,https://www.inflearn.com/course/spring-boot-restful-web-services,back-end
177,https://cdn.inflearn.com/public/courses/326624/cover/a47f727f-a67b-476b-9d23-fefb0db9a954,[NarP Series]MVC 프레임워크는 내 손에[나프1탄],https://www.inflearn.com/course/%EB%82%98%ED%94%84-mvc-1,back-end
178,https://cdn.inflearn.com/public/courses/326368/cover/7b26110e-1eab-4ab6-8d9c-82381a5afd3d/KakaoTalk_Photo_2021-05-26-22-29-45.jpeg,mongoDB 기초부터 실무까지(feat. Node.js),https://www.inflearn.com/course/%EB%AA%BD%EA%B3%A0%EB%94%94%EB%B9%84-%EA%B8%B0%EC%B4%88-%EC%8B%A4%EB%AC%B4,back-end
179,https://cdn.inflearn.com/public/courses/326277/cover/52d4f143-b470-4109-96cb-a0b146fb42ed/http.png,모든 개발자를 위한 HTTP 웹 기본 지식,https://www.inflearn.com/course/http-%EC%9B%B9-%EB%84%A4%ED%8A%B8%EC%9B%8C%ED%81%AC,back-end
180,https://cdn.inflearn.com/public/course-326036-cover/da9faa4e-6cf0-46d8-a3be-37305495ec62,[리뉴얼] Node.js 교과서 - 기본부터 프로젝트 실습까지,https://www.inflearn.com/course/%EB%85%B8%EB%93%9C-%EA%B5%90%EA%B3%BC%EC%84%9C,back-end
181,https://cdn.inflearn.com/public/course-325850-cover/7c824ded-b644-4421-8ddd-2197367ab0ea,초보를 위한 도커 안내서,https://www.inflearn.com/course/%EB%8F%84%EC%BB%A4-%EC%9E%85%EB%AC%B8,back-end
182,https://cdn.inflearn.com/public/course-325804-cover/6afae82f-e06b-4a0b-914d-2bdf7b1f5b60,가장 빠른 풀스택: 파이썬 백엔드와 웹기술 부트캠프 (flask/플라스크와 백엔드 기본) [풀스택 Part1] (2021 업데이트),https://www.inflearn.com/course/%ED%8C%8C%EC%9D%B4%EC%8D%AC-%ED%92%80%EC%8A%A4%ED%83%9D-1,back-end
183,https://cdn.inflearn.com/public/courses/325630/cover/56f635a3-3a44-4096-a16b-453ea1696b1a/325630-eng.png,"스프링 입문 - 코드로 배우는 스프링 부트, 웹 MVC, DB 접근 기술",https://www.inflearn.com/course/%EC%8A%A4%ED%94%84%EB%A7%81-%EC%9E%85%EB%AC%B8-%EC%8A%A4%ED%94%84%EB%A7%81%EB%B6%80%ED%8A%B8,back-end
184,https://cdn.inflearn.com/public/courses/328155/cover/e4884afc-5a35-46ed-b4e0-6d1cdc4b4c55/328155-eng.png,8년차 e커머스 개발자가 알려주는 백엔드 웹 개발 신입 입사 방법(Back-End),https://www.inflearn.com/course/%EC%9B%B9-%EA%B0%9C%EB%B0%9C%EC%9E%90-%EC%9E%85%EC%82%AC-%EB%B0%A9%EB%B2%95,back-end
185,https://cdn.inflearn.com/public/courses/327302/cover/ef0ecc86-6007-44bf-8363-bb1ec4d776e0/327302-eng.png,"풀스택 리액트 토이프로젝트 - REST, GraphQL (for FE개발자)",https://www.inflearn.com/course/%ED%92%80%EC%8A%A4%ED%83%9D-%EB%A6%AC%EC%95%A1%ED%8A%B8-%ED%86%A0%EC%9D%B4%ED%94%84%EB%A1%9C%EC%A0%9D%ED%8A%B8,back-end
186,https://cdn.inflearn.com/public/courses/326328/cover/ea7ed8c8-4e2c-4637-9ade-6247ce11d2f0,도커 쓸 땐 필수! 도커 컴포즈,https://www.inflearn.com/course/%EB%8F%84%EC%BB%A4-%EC%BB%B4%ED%8F%AC%EC%A6%88,back-end
187,https://cdn.inflearn.com/public/courses/326311/cover/7e5ce977-edea-4e65-a356-299c0a836cd7/대세는 쿠버네티스 (Helm편) 2.jpg,대세는 쿠버네티스 [Helm편],https://www.inflearn.com/course/%EB%8C%80%EC%84%B8-%EC%BF%A0%EB%B2%84%EB%84%A4%ED%8B%B0%EC%8A%A4-%ED%97%AC%EB%A6%84,back-end
188,https://cdn.inflearn.com/public/courses/324509/course_cover/85a80c0a-b297-458a-a4f2-0666e4de13a5/thejava2.png,"더 자바, 애플리케이션을 테스트하는 다양한 방법",https://www.inflearn.com/course/the-java-application-test,back-end
189,https://cdn.inflearn.com/public/courses/324184/course_cover/cd411e13-4f2c-4254-b569-76ff8f663a2d/thejava.png,"더 자바, 코드를 조작하는 다양한 방법",https://www.inflearn.com/course/the-java-code-manipulation,back-end
190,https://cdn.inflearn.com/public/courses/323992/course_cover/134042f1-d820-4de1-9cd1-1f99517844da/spring_revised_edition2.png,예제로 배우는 스프링 입문 (개정판),https://www.inflearn.com/course/spring_revised_edition,back-end
191,https://cdn.inflearn.com/wp-content/uploads/springboot_1-1-2.jpg,스프링 프레임워크 입문,https://www.inflearn.com/course/spring,back-end
192,https://cdn.inflearn.com/public/courses/326918/cover/b87fe545-9ebf-4287-af29-50c0f5d4bf10/326918-eng.png,따라하면서 배우는 고박사의 유니티 하이퍼캐주얼게임 시리즈 01,https://www.inflearn.com/course/%EA%B3%A0%EB%B0%95%EC%82%AC-%ED%95%98%EC%9D%B4%ED%8D%BC%EC%BA%90%EC%A5%AC%EC%96%BC-1,game-dev
193,https://cdn.inflearn.com/public/courses/324817/course_cover/b4a8c062-588e-4cd8-b662-f544dfb76882/rookiss-rpg-3.jpg,[C#과 유니티로 만드는 MMORPG 게임 개발 시리즈] Part3: 유니티 엔진,https://www.inflearn.com/course/mmorpg-%EC%9C%A0%EB%8B%88%ED%8B%B0,game-dev
194,https://cdn.inflearn.com/public/courses/324718/course_cover/9fa72fd8-ce56-4091-aa73-a31145acf37e/rookiss-rpg-1.png,[C#과 유니티로 만드는 MMORPG 게임 개발 시리즈] Part1: C# 기초 프로그래밍 입문,https://www.inflearn.com/course/%EC%9C%A0%EB%8B%88%ED%8B%B0-MMORPG-%EA%B0%9C%EB%B0%9C-part1,game-dev
195,https://cdn.inflearn.com/public/courses/327077/cover/5fbb81bd-e4b1-4a6e-b848-07870b93188a/327077-eng.png,[따라하면 취업되는 게임기획]역기획서/BM분석과개선제안서/창작기획서,https://www.inflearn.com/course/%EA%B2%8C%EC%9E%84%EA%B8%B0%ED%9A%8D-%EC%97%AD%EA%B8%B0%ED%9A%8D%EC%84%9C-%EC%B0%BD%EC%9E%91%EA%B8%B0%ED%9A%8D%EC%84%9C,game-dev
196,https://cdn.inflearn.com/public/courses/327652/cover/5be157da-2c5c-439b-982d-64343cba32b8/썸네일_유니티_fin.png,누구나 할 수 있다! 따라하며 배워보는 Unity3D 게임 클론 BEST 3,https://www.inflearn.com/course/%EC%9C%A0%EB%8B%88%ED%8B%B0-%EA%B2%8C%EC%9E%84%ED%81%B4%EB%A1%A0-%EB%B2%A0%EC%8A%A4%ED%8A%B83,game-dev
197,https://cdn.inflearn.com/public/courses/327126/cover/13b0e441-4a3d-44cb-acbb-d86af2412e18/327126-eng-2.png,[리뉴얼] 렛츠기릿 자바스크립트,https://www.inflearn.com/course/%EB%A0%88%EC%B8%A0%EA%B8%B0%EB%A6%BF-%EC%9E%90%EB%B0%94%EC%8A%A4%ED%81%AC%EB%A6%BD%ED%8A%B8,game-dev
198,https://cdn.inflearn.com/public/courses/326877/cover/9af23df0-0aec-4640-9d42-819950ca9355/326877-eng.png,[따라하면 취업되는 게임기획]클릭커/퍼즐/RPG 기획서 만들기,https://www.inflearn.com/course/%EA%B2%8C%EC%9E%84%EA%B8%B0%ED%9A%8D-%ED%81%B4%EB%A6%AD%EC%BB%A4-%ED%8D%BC%EC%A6%90-rpg,game-dev
199,https://cdn.inflearn.com/public/course-325648-cover/4adc303a-c305-4074-be0a-f8f0cac93e09,"C#과 유니티, 실전 게임으로 제대로 시작하기 (저자 직강)",https://www.inflearn.com/course/c-sharp-%EA%B8%B0%EC%B4%88-%EB%AC%B8%EB%B2%95-%EC%9C%A0%EB%8B%88%ED%8B%B0,game-dev
200,https://cdn.inflearn.com/public/courses/327970/cover/7e68ea5f-28f1-40ee-af0b-a223bd98d182/327970-eng.png,[유니티 레벨 업!] 모듈식으로 개발하는 퀘스트&업적 시스템,https://www.inflearn.com/course/%EC%9C%A0%EB%8B%88%ED%8B%B0-%EB%AA%A8%EB%93%88%EC%8B%9D-%ED%80%98%EC%8A%A4%ED%8A%B8-%EC%97%85%EC%A0%81,game-dev
201,https://cdn.inflearn.com/public/courses/327690/cover/394eb9c5-fb09-4c9a-b7f0-c8732970706d/327690-eng.png,게임 엔진을 지탱하는 게임 수학,https://www.inflearn.com/course/%EA%B2%8C%EC%9E%84-%EC%88%98%ED%95%99-%EA%B2%8C%EC%9E%84%EC%97%94%EC%A7%84,game-dev
202,https://cdn.inflearn.com/public/courses/327457/cover/c81beca2-0112-47f9-830e-7739a7cb4a2d/327457-eng.png,언리얼 엔진4 입문 (C++ 기반),https://www.inflearn.com/course/%EC%96%B8%EB%A6%AC%EC%96%BC-%EC%97%94%EC%A7%844-%EC%9E%85%EB%AC%B8,game-dev
203,https://cdn.inflearn.com/public/courses/327229/cover/1d63c1a1-99cd-492b-8bbf-2564843ba805/327229-eng.png,[C++과 언리얼로 만드는 MMORPG 게임 개발 시리즈] Part3: 자료구조와 알고리즘,https://www.inflearn.com/course/%EC%96%B8%EB%A6%AC%EC%96%BC-3d-mmorpg-3,game-dev
204,https://cdn.inflearn.com/public/courses/326824/cover/00767f7f-2a49-4512-8605-3819137f9fb7/326824-eng.png,[따라하면 취업되는 게임기획]실전 농장 SNG 게임,https://www.inflearn.com/course/%EA%B2%8C%EC%9E%84%EA%B8%B0%ED%9A%8D-%EC%8B%A4%EC%A0%84%EB%86%8D%EC%9E%A5-sng,game-dev
205,https://cdn.inflearn.com/public/courses/325658/cover/c7535357-adf9-4066-8fa4-ad61d616d897,유니티(Unity)로 시작하는 게임개발: Part 3. 슈팅게임 개발,https://www.inflearn.com/course/%EC%9C%A0%EB%8B%88%ED%8B%B0-%EA%B2%8C%EC%9E%84%EA%B0%9C%EB%B0%9C-%ED%8C%8C%ED%8A%B83,game-dev
206,https://cdn.inflearn.com/public/courses/325580/cover/47c13551-d891-44d2-92ea-aec04a1cbb6a,유니티(Unity)로 시작하는 게임개발: Part 2. C# 프로그래밍 입문,https://www.inflearn.com/course/%EC%9C%A0%EB%8B%88%ED%8B%B0-%EA%B2%8C%EC%9E%84%EA%B0%9C%EB%B0%9C-%ED%8C%8C%ED%8A%B82,game-dev
207,https://cdn.inflearn.com/public/courses/327956/cover/e92d6fc5-d68e-4b39-b914-5d51762be5c7/327956-eng.jpg,쉬우면서 강력한 유니티(Unity) 에디터 프로그래밍,https://www.inflearn.com/course/%EC%9C%A0%EB%8B%88%ED%8B%B0-%EC%97%90%EB%94%94%ED%84%B0-%ED%94%84%EB%A1%9C%EA%B7%B8%EB%9E%98%EB%B0%8D,game-dev
208,https://cdn.inflearn.com/public/courses/327716/cover/c96924a4-5e9d-4a87-a923-ec098337a7a0/수정됨_뉴표지6.png,'블록체인 게임'에 대한 넓고 얕은 지식,https://www.inflearn.com/course/%EB%B8%94%EB%A1%9D%EC%B2%B4%EC%9D%B8-%EA%B2%8C%EC%9E%84-%EC%A7%80%EC%8B%9D,game-dev
209,https://cdn.inflearn.com/public/courses/326418/cover/e2783ee5-8230-4130-964d-66d317980b5f/326418-eng.png,[C++과 언리얼로 만드는 MMORPG 게임 개발 시리즈] Part2: 게임 수학과 DirectX12,https://www.inflearn.com/course/%EC%96%B8%EB%A6%AC%EC%96%BC-3d-mmorpg-2,game-dev
210,https://cdn.inflearn.com/public/course-326242-cover/fd3e8c92-3d0e-4cf2-953f-d269dee24d1d,PyGame 어드벤쳐 : 위니브 월드를 수복하라!,https://www.inflearn.com/course/%ED%8C%8C%EC%9D%B4%EA%B2%8C%EC%9E%84-%EC%96%B4%EB%93%9C%EB%B2%A4%EC%B3%90,game-dev
211,https://cdn.inflearn.com/public/course-325974-cover/7e46e5bc-ce66-4f3e-9463-c8ef3ee5be85,따라하면 취업되는 게임기획 강의!,https://www.inflearn.com/course/%EA%B2%8C%EC%9E%84%EA%B8%B0%ED%9A%8D-%EC%B7%A8%EC%97%85,game-dev
212,https://cdn.inflearn.com/public/course-325822-cover/6dc2e340-cba4-4d88-b313-3233d3e5c3a0,[C#과 유니티로 만드는 MMORPG 게임 개발 시리즈] Part8: Entity Framework Core,https://www.inflearn.com/course/%EC%9C%A0%EB%8B%88%ED%8B%B0-mmorpg-%EA%B0%9C%EB%B0%9C-part8,game-dev
213,https://cdn.inflearn.com/public/courses/325624/cover/04b7b606-654a-4f8b-a3ba-a8237db98505/325624-renew-eng.png,따라하면서 배우는 고박사의 유니티 기초,https://www.inflearn.com/course/%EA%B3%A0%EB%B0%95%EC%82%AC-%EC%9C%A0%EB%8B%88%ED%8B%B0-%EA%B8%B0%EC%B4%88,game-dev
214,https://cdn.inflearn.com/public/courses/324727/course_cover/73c17b60-66d0-4a72-9a30-ad6df94dffd4/rookiss-rpg-2.png,[C#과 유니티로 만드는 MMORPG 게임 개발 시리즈] Part2: 자료구조와 알고리즘,https://www.inflearn.com/course/%EC%9C%A0%EB%8B%88%ED%8B%B0-mmorpg-%EA%B0%9C%EB%B0%9C-part2,game-dev
215,https://cdn.inflearn.com/wp-content/uploads/scratch001.jpg,게임 만들면서 배우는 재미있는 스크래치 프로그래밍,https://www.inflearn.com/course/%EC%8A%A4%ED%81%AC%EB%9E%98%EC%B9%98-scratch,game-dev
216,https://cdn.inflearn.com/public/courses/326865/cover/62ef33f6-9205-4cc9-89aa-43dfc6173a8f/326865-eng.png,딥러닝 CNN 완벽 가이드 - Fundamental 편,https://www.inflearn.com/course/%EB%94%A5%EB%9F%AC%EB%8B%9D-cnn-%EC%99%84%EB%B2%BD-%EA%B8%B0%EC%B4%88,machine-learning
217,https://cdn.inflearn.com/public/courses/324238/course_cover/01193765-1b5d-4964-b8b5-dc9444ecc23e/%E1%84%91%E1%85%A1%E1%84%8B%E1%85%B5%E1%84%8A%E1%85%A5%E1%86%AB%E1%84%86%E1%85%A5%E1%84%89%E1%85%B5%E1%86%AB%E1%84%85%E1%85%A5%E1%84%82%E1%85%B5%E1%86%BC.png,파이썬 머신러닝 완벽 가이드,https://www.inflearn.com/course/%ED%8C%8C%EC%9D%B4%EC%8D%AC-%EB%A8%B8%EC%8B%A0%EB%9F%AC%EB%8B%9D-%EC%99%84%EB%B2%BD%EA%B0%80%EC%9D%B4%EB%93%9C,machine-learning
218,https://cdn.inflearn.com/public/courses/326174/cover/b0536120-7de3-4aa8-8266-97cf3881e87d,비전공자를 위한 진짜 입문 올인원 개발 클래스,https://www.inflearn.com/course/%EC%98%AC%EC%9D%B8%EC%9B%90-%EA%B0%9C%EB%B0%9C%ED%81%B4%EB%9E%98%EC%8A%A4,machine-learning
219,https://cdn.inflearn.com/public/courses/327464/cover/55c4db7b-7764-43cc-ac75-d9e8d08098f1/327464-eng.png,처음하는 파이썬 머신러닝 부트캠프 (쉽게! 실제 문제로 개념/활용 익히기) [데이터과학 Part2],https://www.inflearn.com/course/%EC%B2%98%EC%9D%8C-%ED%8C%8C%EC%9D%B4%EC%8D%AC-%EB%A8%B8%EC%8B%A0%EB%9F%AC%EB%8B%9D-%EC%9E%85%EB%AC%B8,machine-learning
220,https://cdn.inflearn.com/public/courses/325805/cover/d5302912-696c-4003-94cd-bc940cb9bfd2/325805-eng.png,유니티 머신러닝 에이전트 완전정복 (기초편),https://www.inflearn.com/course/%EC%9C%A0%EB%8B%88%ED%8B%B0-%EB%A8%B8%EC%8B%A0%EB%9F%AC%EB%8B%9D-%EC%97%90%EC%9D%B4%EC%A0%84%ED%8A%B8-%EA%B8%B0%EC%B4%88,machine-learning
221,https://cdn.inflearn.com/public/courses/328479/cover/bd05344e-e927-42a7-8e8a-f1cc194eedba/328479-eng.jpg,머신러닝 기초부터 탄탄히 정복하기,https://www.inflearn.com/course/%EB%A8%B8%EC%8B%A0%EB%9F%AC%EB%8B%9D-%EA%B8%B0%EC%B4%88%ED%83%84%ED%83%84-%EC%A0%95%EB%B3%B5,machine-learning
222,https://cdn.inflearn.com/public/courses/327613/cover/88639f95-de1b-46b1-83ba-6489d81452f6/Thumbnail-02.png,[비전공자 대환영] 제로베이스도 쉽게 입문하는 파이썬 데이터 분석 - 캐글입문기,https://www.inflearn.com/course/%ED%8C%8C%EC%9D%B4%EC%8D%AC-%EB%8D%B0%EC%9D%B4%ED%84%B0%EB%B6%84%EC%84%9D-%EC%BA%90%EA%B8%80%EC%9E%85%EB%AC%B8,machine-learning
223,https://cdn.inflearn.com/public/courses/326248/cover/945f4b20-e4e1-4d10-8e64-f2757c01736b,[Pytorch] 실전 인공지능으로 이어지는 파이토치 딥러닝,https://www.inflearn.com/course/%ED%8C%8C%EC%9D%B4%ED%86%A0%EC%B9%98-%EB%94%A5%EB%9F%AC%EB%8B%9D,machine-learning
224,https://cdn.inflearn.com/public/course-326101-cover/2e05ecb7-4f05-4194-a1f5-036c1f9a2445,실전 인공지능으로 이어지는 딥러닝 개념 잡기,https://www.inflearn.com/course/%EB%94%A5%EB%9F%AC%EB%8B%9D-%EA%B0%9C%EB%85%90,machine-learning
225,https://cdn.inflearn.com/public/courses/325064/cover/483b0f80-938f-4ae8-9554-d1e0ef1b910d/강화학습-eng.png,쏙쏙 이해되는 강화학습 핵심이론,https://www.inflearn.com/course/%EA%B0%95%ED%99%94%ED%95%99%EC%8A%B5-%ED%95%B5%EC%8B%AC-%EC%9D%B4%EB%A1%A0,machine-learning
226,https://cdn.inflearn.com/public/courses/327610/cover/1f486a2a-b06d-4280-9d64-49a98bc2d8e6/327610-eng.png,파이썬 기초 라이브러리부터 쌓아가는 머신러닝,https://www.inflearn.com/course/%ED%8C%8C%EC%9D%B4%EC%8D%AC-%EB%A8%B8%EC%8B%A0%EB%9F%AC%EB%8B%9D,machine-learning
227,https://cdn.inflearn.com/public/courses/327349/cover/c73b7447-7a83-41e5-83f1-abf59a35476a/썸네일_티처블머신_fin.png,닮은 연예인 찾기 서비스 제작 With 티처블머신,https://www.inflearn.com/course/%ED%8B%B0%EC%B2%98%EB%B8%94-%EB%A8%B8%EC%8B%A0-%EC%B4%88%EA%B8%89,machine-learning
228,https://cdn.inflearn.com/public/courses/327104/cover/85cc2b0a-ee45-4efc-b4d7-cfd63f05e451/썸네일_딥러닝.png,30분 요약 강좌 시즌3 : 초급자를 위한 손에 잡히는 딥러닝!,https://www.inflearn.com/course/30%EB%B6%84-%EC%8B%9C%EC%A6%8C3-%EC%B4%88%EA%B8%89-%EB%94%A5%EB%9F%AC%EB%8B%9D,machine-learning
229,https://cdn.inflearn.com/public/courses/326665/cover/d1597148-a981-4b83-ae5b-6538a26ff528,현업 실무자에게 배우는 Kaggle 머신러닝 입문 - ML 엔지니어 실무 꿀팁,https://www.inflearn.com/course/%EC%BA%90%EA%B8%80-%EB%A8%B8%EC%8B%A0%EB%9F%AC%EB%8B%9D-%EC%9E%85%EB%AC%B8,machine-learning
230,https://cdn.inflearn.com/public/courses/326361/cover/07003258-04ea-4fa2-b2d2-299b22acb5a4,머신러닝/딥러닝으로 이어지는 선형대수,https://www.inflearn.com/course/%EB%94%A5%EB%9F%AC%EB%8B%9D-%EC%84%A0%ED%98%95%EB%8C%80%EC%88%98,machine-learning
231,https://cdn.inflearn.com/public/courses/327070/cover/f0fdaee0-24af-42dc-8fb4-be5e7c26391e/tensorflow 2.0-eng.png,텐서플로우 2.0으로 배우는 딥러닝 기초,https://www.inflearn.com/course/%ED%85%90%EC%84%9C%ED%94%8C%EB%A1%9C%EC%9A%B0-%EB%94%A5%EB%9F%AC%EB%8B%9D-%EA%B8%B0%EC%B4%88,machine-learning
232,https://cdn.inflearn.com/public/course-326152-cover/b05c9bae-8e96-4c2b-b493-3132982125f9,커피 한 잔으로 입문하는 Convolutional Neural Network,https://www.inflearn.com/course/%EB%8D%B0%EC%9D%B4%ED%84%B0%EC%82%AC%EC%9D%B4%EC%96%B8%EC%8A%A4-%EB%94%A5%EB%9F%AC%EB%8B%9D-cnn,machine-learning
233,https://cdn.inflearn.com/public/courses/324713/course_cover/56449480-d53c-4c8b-a2b2-13f91a35738e/recommendation-system-basic-eng.png,[개념부터 실습까지] 추천 시스템 입문편,https://www.inflearn.com/course/%EC%B6%94%EC%B2%9C-%EC%8B%9C%EC%8A%A4%ED%85%9C-%EC%9E%85%EB%AC%B8%ED%8E%B8,machine-learning
234,https://cdn.inflearn.com/public/course-325935-cover/9119309e-237c-4b72-bbb1-39704ca82fb5,TensorFlow 2.0으로 배우는 딥러닝 입문,https://www.inflearn.com/course/%ED%85%90%EC%84%9C%ED%94%8C%EB%A1%9C-%EB%94%A5%EB%9F%AC%EB%8B%9D-%EC%9E%85%EB%AC%B8,machine-learning
235,https://cdn.inflearn.com/public/courses/326639/cover/328ca6bc-58b9-44ee-aac2-3e395ae60392,혼자 공부하는 머신러닝+딥러닝,https://www.inflearn.com/course/%ED%98%BC%EC%9E%90%EA%B3%B5%EB%B6%80-%EB%A8%B8%EC%8B%A0%EB%9F%AC%EB%8B%9D-%EB%94%A5%EB%9F%AC%EB%8B%9D,machine-learning
236,https://cdn.inflearn.com/public/course-325478-cover/45870197-1e36-43ee-9a11-513f3063a672,핸즈온 머신러닝 2,https://www.inflearn.com/course/%ED%95%B8%EC%A6%88%EC%98%A8-%EB%A8%B8%EC%8B%A0%EB%9F%AC%EB%8B%9D,machine-learning
237,https://cdn.inflearn.com/public/courses/325155/course_cover/d8120723-26f7-4fcc-a25c-a99eef4ea0f6/machine-learning-statistics-r-eng.png,[R로 하는] 머신러닝을 위한 통계학 기초,https://www.inflearn.com/course/%EB%A8%B8%EC%8B%A0%EB%9F%AC%EB%8B%9D-%ED%86%B5%EA%B3%84%ED%95%99-%EA%B8%B0%EC%B4%88-r,machine-learning
238,https://cdn.inflearn.com/public/courses/327975/cover/42d4cf7c-e63a-4654-aa18-8460c92a3998/327975-eng.png,데이터 사이언스 입문 부트캠프,https://www.inflearn.com/course/%EB%8D%B0%EC%9D%B4%ED%84%B0-%EC%82%AC%EC%9D%B4%EC%96%B8%EC%8A%A4-%EC%9E%85%EB%AC%B8%EC%BA%A0%ED%94%84,machine-learning
239,https://cdn.inflearn.com/public/courses/327860/cover/8a5000a8-5554-4e2f-8bb1-2cca2abccc27/Data-Science-eng-1.jpg,"[All that MBA] 데이터 사이언스, 어떻게 인사이트를 얻을 것인가?",https://www.inflearn.com/course/%EB%8D%B0%EC%9D%B4%ED%84%B0-%EC%82%AC%EC%9D%B4%EC%96%B8%EC%8A%A4-%EC%9C%A0%EB%B0%A5,machine-learning
240,https://cdn.inflearn.com/public/courses/326750/cover/d7815167-2a01-42c1-aacf-bbd32a3705bc/326750-eng.png,자바(Java) 알고리즘 문제풀이 : 코딩테스트 대비,https://www.inflearn.com/course/%EC%9E%90%EB%B0%94-%EC%95%8C%EA%B3%A0%EB%A6%AC%EC%A6%98-%EB%AC%B8%EC%A0%9C%ED%92%80%EC%9D%B4-%EC%BD%94%ED%85%8C%EB%8C%80%EB%B9%84,algorithm
241,https://cdn.inflearn.com/public/course-325339-cover/9f2bb0a8-26c3-4520-aaf6-5a3ff4466b7d,Python 부트캠프,https://www.inflearn.com/course/%ED%8C%8C%EC%9D%B4%EC%8D%AC-%EB%B6%80%ED%8A%B8%EC%BA%A0%ED%94%84,algorithm
242,https://cdn.inflearn.com/public/courses/325291/course_cover/514cf585-ad48-44ed-986c-4b1f5a385afa/%EB%88%88%EB%96%A0%EB%B3%B4%EB%8B%88-%EC%BD%94%EB%94%A9%ED%85%8C%EC%8A%A4%ED%8A%B8%28%28%EC%88%98%EC%A0%95%29.jpg,눈떠보니 코딩 테스트 전날,https://www.inflearn.com/course/%EC%BD%94%EB%94%A9-%ED%85%8C%EC%8A%A4%ED%8A%B8-%EC%A0%84%EB%82%A0,algorithm
243,https://cdn.inflearn.com/public/courses/327964/cover/40046314-de00-4fdd-b0d4-e9887943c299/327964-eng.jpg,Python을 이용한 개인화 추천시스템,https://www.inflearn.com/course/%ED%8C%8C%EC%9D%B4%EC%8D%AC-%EA%B0%9C%EC%9D%B8%ED%99%94-%EC%B6%94%EC%B2%9C%EC%8B%9C%EC%8A%A4%ED%85%9C,algorithm
244,https://cdn.inflearn.com/wp-content/uploads/ktw_algorithm3.jpg,it 취업을 위한 알고리즘 문제풀이 (with C/C++) : 코딩테스트 대비,https://www.inflearn.com/course/%EC%95%8C%EA%B3%A0%EB%A6%AC%EC%A6%98,algorithm
245,https://cdn.inflearn.com/wp-content/uploads/ktw_new2.jpg,문제로 배우는 C언어,https://www.inflearn.com/course/c%EC%96%B8%EC%96%B4-%EB%AC%B8%EB%B2%95,algorithm
246,https://cdn.inflearn.com/wp-content/uploads/linear_.jpg,선형대수학개론,https://www.inflearn.com/course/%EC%84%A0%ED%98%95%EB%8C%80%EC%88%98%ED%95%99%EA%B0%9C%EB%A1%A0,algorithm
247,https://cdn.inflearn.com/public/courses/327229/cover/1d63c1a1-99cd-492b-8bbf-2564843ba805/327229-eng.png,[C++과 언리얼로 만드는 MMORPG 게임 개발 시리즈] Part3: 자료구조와 알고리즘,https://www.inflearn.com/course/%EC%96%B8%EB%A6%AC%EC%96%BC-3d-mmorpg-3,algorithm
248,https://cdn.inflearn.com/public/courses/326485/cover/830bce1a-023d-45ff-a0d1-883bc9074b9a/326485-eng.png,10주완성 C++ 코딩테스트,https://www.inflearn.com/course/10%EC%A3%BC%EC%99%84%EC%84%B1-%EC%BD%94%EB%94%A9%ED%85%8C%EC%8A%A4%ED%8A%B8-%ED%81%B0%EB%8F%8C,algorithm
249,https://cdn.inflearn.com/public/courses/326377/cover/f0f0b7b0-a4f1-4ca4-b609-c026c7d5bd20/js_algorithm_best.png,자바스크립트 알고리즘 문제풀이(코딩테스트 대비),https://www.inflearn.com/course/%EC%9E%90%EB%B0%94%EC%8A%A4%ED%81%AC%EB%A6%BD%ED%8A%B8-%EC%95%8C%EA%B3%A0%EB%A6%AC%EC%A6%98-%EB%AC%B8%EC%A0%9C%ED%92%80%EC%9D%B4,algorithm
250,https://cdn.inflearn.com/public/course-325345-cover/bde89c2e-858f-4f19-8650-f773dffbf00e,PHP 7+ 프로그래밍: 객체지향,https://www.inflearn.com/course/php7-oop,algorithm
251,https://cdn.inflearn.com/public/courses/174004/cover/75bb11f4-992d-4278-a205-16d5abc0caaa/eng.png,객체 지향 프로그래밍 입문,https://www.inflearn.com/course/%EA%B0%9D%EC%B2%B4-%EC%A7%80%ED%96%A5-%ED%94%84%EB%A1%9C%EA%B7%B8%EB%9E%98%EB%B0%8D-%EC%9E%85%EB%AC%B8,algorithm
252,https://cdn.inflearn.com/wp-content/uploads/javascript-flow.jpg,코어 자바스크립트,https://www.inflearn.com/course/%ED%95%B5%EC%8B%AC%EA%B0%9C%EB%85%90-javascript-flow,algorithm
253,https://cdn.inflearn.com/public/courses/327912/cover/158c71cc-554e-4fdd-b890-68f5495c29f6/327912-eng.png,IT 기업 취업을 위한: 코딩 테스트 혼자서 정복하기,https://www.inflearn.com/course/%EC%BD%94%EB%94%A9%ED%85%8C%EC%8A%A4%ED%8A%B8-%ED%98%BC%EC%9E%90-%EC%A0%95%EB%B3%B5,algorithm
254,https://cdn.inflearn.com/public/course-325733-cover/a173e0a7-0f14-4be4-88f0-64ec91cfc6f9,자바 입문자를 위한 강의,https://www.inflearn.com/course/%EC%9E%90%EB%B0%94-%ED%94%84%EB%A1%9C%EA%B7%B8%EB%9E%98%EB%B0%8D-%EA%B8%B0%EC%B4%88-%EC%9E%85%EB%AC%B8,algorithm
255,https://cdn.inflearn.com/public/courses/324883/course_cover/efe64328-20c9-4af8-9b65-c40e456d9f12/python-backtesting-eng.png,Python을 이용한 주가 백테스팅 시스템 구축하기,https://www.inflearn.com/course/python-%EC%A3%BC%EA%B0%80-%EB%B0%B1%ED%85%8C%EC%8A%A4%ED%8C%85,algorithm
256,https://cdn.inflearn.com/public/courses/324209/course_cover/5935ca89-77ea-4dca-bedd-9c8dac27bf93/%E1%84%80%E1%85%A1%E1%84%8B%E1%85%B3%E1%86%AF_%E1%84%8C%E1%85%A5%E1%86%BC%E1%84%87%E1%85%A9%E1%84%8B%E1%85%A9%E1%86%AF%E1%84%85%E1%85%B5%E1%86%B7%E1%84%91%E1%85%B5%E1%84%8B%E1%85%A1%E1%84%83%E1%85%B3.png,정보올림피아드(중등),https://www.inflearn.com/course/%EC%A0%95%EB%B3%B4%EC%98%AC%EB%A6%BC%ED%94%BC%EC%95%84%EB%93%9C-%EC%A4%91%EB%93%B1,algorithm
257,https://cdn.inflearn.com/public/courses/326760/cover/b1a32adf-94aa-44c9-baf8-6df4abd2ccf2,[딥러닝 전문가 과정 DL1121] 넘파이 마스터 클래스,https://www.inflearn.com/course/%EB%84%98%ED%8C%8C%EC%9D%B4-%EB%A7%88%EC%8A%A4%ED%84%B0%ED%81%B4%EB%9E%98%EC%8A%A4,algorithm
258,https://cdn.inflearn.com/public/courses/326623/cover/aaa2a961-3e07-41f8-bdfe-db2771744baf,양자 컴퓨터 프로그래밍 입문,https://www.inflearn.com/course/%EC%96%91%EC%9E%90-%EC%BB%B4%ED%93%A8%ED%8C%85-%EC%9E%85%EB%AC%B8,algorithm
259,https://cdn.inflearn.com/public/course-325806-cover/0e0d07a7-840c-4d01-907c-626e9d6b97d5,파이썬으로 배우는 알고리즘 기초,https://www.inflearn.com/course/%ED%8C%8C%EC%9D%B4%EC%8D%AC-%EC%95%8C%EA%B3%A0%EB%A6%AC%EC%A6%98-%EA%B8%B0%EC%B4%88,algorithm
260,https://cdn.inflearn.com/public/courses/324667/course_cover/089c85e1-484b-4773-a294-1fbce1f2da20/ljh_unity.png,게임 디자인 패턴 with Unity,https://www.inflearn.com/course/%EA%B2%8C%EC%9E%84-%EB%94%94%EC%9E%90%EC%9D%B8%ED%8C%A8%ED%84%B4-%EC%9C%A0%EB%8B%88%ED%8B%B0,algorithm
261,https://cdn.inflearn.com/public/courses/324470/course_cover/93df16b3-38c5-4265-b00a-208075d2f135/%EC%9E%90%EB%B0%94%EC%8A%A4%ED%81%AC%EB%A6%BD%ED%8A%B8-100%EC%A0%9C%28%EC%88%98%EC%A0%95%29.png,제주코딩베이스캠프 Code Festival: JavaScript 100제,https://www.inflearn.com/course/%EC%A0%9C%EC%A3%BC%EC%BD%94%EB%94%A9-%EC%9E%90%EB%B0%94%EC%8A%A4%ED%81%AC%EB%A6%BD%ED%8A%B8-100%EC%A0%9C,algorithm
262,https://cdn.inflearn.com/public/courses/324283/course_cover/08b14776-4d69-4e59-8b36-3e5580d5d591/%ED%8C%8C%EC%9D%B4%EC%8D%AC-100%EC%A0%9C%28%EC%88%98%EC%A0%95%29.png,제주코딩베이스캠프 Code Festival: Python 100제,https://www.inflearn.com/course/%ED%8C%8C%EC%9D%B4%EC%8D%AC-100%EC%A0%9C-%EC%A0%9C%EC%A3%BC%EC%BD%94%EB%94%A9%EB%B2%A0%EC%9D%B4%EC%8A%A4%EC%BA%A0%ED%94%84,algorithm
263,https://cdn.inflearn.com/public/course-325936-cover/3b2f4343-c0e3-491b-9f3b-a88d4403231b,소인수 분해 알고리즘 완전정복,https://www.inflearn.com/course/%EC%86%8C%EC%9D%B8%EC%88%98%EB%B6%84%ED%95%B4-%EC%95%8C%EA%B3%A0%EB%A6%AC%EC%A6%98-%ED%8C%8C%EC%9D%B4%EC%8D%AC,algorithm
